Player Name,Current Club,Appearances,Goals,Goals Per Match,Headed Goals,Right Foot Goals,Left Foot Goals,Penalty Goals,Free Kick Goals,Shots,On Target Shots,Shot Accuracy,Hit Woodwork,Big Chances Missed,Wins,Losses,Goal Assists,Total Passes,Passes Per Match,Big Chances Created,Total Cross,Cross Accuracy,Yellow Cards,Red Cards,Fouls,Total Offside,Total Tackles,Tackles Won,Blocked Shots,Interceptions,Total Clearances,Effective Head Clearance,Ball Recovery,Duel Won,Duel Lost,Won Contest,Aerial Won,Aerial Lost,Error Leading To Goal,Saves,Penalties Saved,Punches,High Claims,Catches,Sweeper Clearances,Throw Outs,Goal Kicks
Gabriel Agbonlahor,Aston Villa,38,9,0.24,1,5,2,0,0,59,27,45.76,0,0,11,10,4,732,19.26,0,100,-1,2,0,50,21,52,-1,12,8,26,0,-1,-1,-1,-1,-1,-1,-1,-1,-1,-1,-1,-1,-1,-1,-1
Lee Carsley,Everton,38,1,0.03,0,1,0,0,0,39,9,23.08,1,0,15,10,3,1157,30.45,0,12,-1,3,0,59,1,99,78,7,44,142,0,0,152,127,1,25,17,0,-1,-1,-1,-1,-1,-1,-1,-1
Richard Dunne,Manchester City,38,1,0.03,1,0,0,-1,-1,-1,-1,-1,0,-1,11,18,0,1260,33.16,0,11,-1,4,0,38,2,120,73,3,34,347,0,0,242,97,8,87,27,0,-1,-1,-1,-1,-1,-1,-1,-1
Cesc Fàbregas,Arsenal,38,2,0.05,0,2,0,0,0,78,30,38.46,2,0,19,8,11,2585,68.03,0,178,-1,7,0,45,3,116,73,23,16,31,0,0,218,214,27,9,22,0,-1,-1,-1,-1,-1,-1,-1,-1
Brad Friedel,Blackburn Rovers,38,0,0,-1,-1,-1,-1,-1,-1,-1,-1,-1,-1,15,16,0,698,18.37,-1,-1,-1,0,0,0,-1,-1,-1,-1,-1,-1,-1,-1,-1,-1,-1,-1,-1,0,153,4,25,56,83,0,235,355
Marcus Hahnemann,Reading,38,0,0,-1,-1,-1,-1,-1,-1,-1,-1,-1,-1,16,15,0,878,23.11,-1,-1,-1,1,0,2,-1,-1,-1,-1,-1,-1,-1,-1,-1,-1,-1,-1,-1,0,164,0,21,55,92,0,128,380
James Harper,Reading,38,3,0.08,0,3,0,0,0,27,7,25.93,1,0,16,15,2,959,25.24,0,37,-1,3,0,30,1,63,71,8,20,40,0,0,104,92,6,9,9,0,-1,-1,-1,-1,-1,-1,-1,-1
Ivar Ingimarsson,Reading,38,2,0.05,2,0,0,-1,-1,-1,-1,-1,0,-1,16,15,1,899,23.66,0,8,-1,4,0,30,0,88,69,6,34,275,0,0,222,100,4,86,44,0,-1,-1,-1,-1,-1,-1,-1,-1
Jussi Jääskeläinen,Bolton Wanderers,38,0,0,-1,-1,-1,-1,-1,-1,-1,-1,-1,-1,16,14,0,927,24.39,-1,-1,-1,4,0,2,-1,-1,-1,-1,-1,-1,-1,-1,-1,-1,-1,-1,-1,0,117,2,21,41,44,0,122,415
Phil Jagielka,Sheffield United,38,4,0.11,1,3,0,-1,-1,-1,-1,-1,0,-1,10,20,1,1216,32,0,23,-1,4,0,23,1,109,82,12,24,208,0,1,203,105,1,45,37,0,-1,-1,-1,-1,-1,-1,-1,-1
David James,Portsmouth,38,0,0,-1,-1,-1,-1,-1,-1,-1,-1,-1,-1,14,12,0,894,23.53,-1,-1,-1,2,0,2,-1,-1,-1,-1,-1,-1,-1,-1,-1,-1,-1,-1,-1,0,139,2,30,69,57,0,166,401
Joleon Lescott,Everton,38,2,0.05,1,0,1,-1,-1,-1,-1,-1,1,-1,15,10,1,1087,28.61,0,41,-1,2,0,41,4,96,83,1,47,262,0,0,209,120,13,60,31,0,-1,-1,-1,-1,-1,-1,-1,-1
Brian McBride,Fulham,38,9,0.24,2,5,2,0,0,86,38,44.19,1,0,8,15,0,903,23.76,0,33,-1,0,0,38,13,19,-1,13,4,37,0,-1,-1,-1,-1,-1,-1,-1,-1,-1,-1,-1,-1,-1,-1,-1
Olof Mellberg,Aston Villa,38,1,0.03,1,0,0,-1,-1,-1,-1,-1,1,-1,11,10,0,1410,37.11,0,47,-1,8,0,40,1,77,75,4,23,260,0,0,167,100,4,64,31,0,-1,-1,-1,-1,-1,-1,-1,-1
Paul Robinson,Tottenham Hotspur,38,1,0.03,-1,-1,-1,-1,-1,-1,-1,-1,-1,-1,17,12,1,875,23.03,-1,-1,-1,0,0,0,-1,-1,-1,-1,-1,-1,-1,-1,-1,-1,-1,-1,-1,0,89,0,24,45,37,0,150,383
Liam Rosenior,Fulham,38,0,0,0,0,0,-1,-1,-1,-1,-1,0,-1,8,15,2,1315,34.61,0,131,-1,2,0,28,2,121,77,1,28,199,0,0,197,157,26,16,36,0,-1,-1,-1,-1,-1,-1,-1,-1
Gary Speed,Bolton Wanderers,38,8,0.21,0,1,7,5,0,46,13,28.26,0,0,16,14,3,1297,34.13,0,122,-1,4,0,65,2,86,76,16,19,101,0,0,172,174,8,36,28,0,-1,-1,-1,-1,-1,-1,-1,-1
Joseph Yobo,Everton,38,2,0.05,2,0,0,-1,-1,-1,-1,-1,0,-1,15,10,0,1028,27.05,0,15,-1,3,0,40,0,72,81,4,23,316,0,0,165,92,7,68,32,0,-1,-1,-1,-1,-1,-1,-1,-1
Yakubu,Middlesbrough,37,12,0.32,1,7,4,4,0,108,35,32.41,1,0,11,16,4,817,22.08,0,53,-1,3,0,88,37,19,-1,21,5,4,0,-1,-1,-1,-1,-1,-1,-1,-1,-1,-1,-1,-1,-1,-1,-1
Michael Dawson,Tottenham Hotspur,37,1,0.03,1,0,0,-1,-1,-1,-1,-1,0,-1,16,12,1,1352,36.54,0,6,-1,6,0,38,2,76,75,3,19,354,0,0,182,94,3,70,46,0,-1,-1,-1,-1,-1,-1,-1,-1
Sylvain Distin,Manchester City,37,2,0.05,0,1,1,-1,-1,-1,-1,-1,0,-1,11,17,0,1152,31.14,0,19,-1,1,0,22,2,114,79,0,40,328,0,0,258,107,8,105,47,0,-1,-1,-1,-1,-1,-1,-1,-1
Frank Lampard,Chelsea,37,11,0.3,0,11,0,3,2,137,42,30.66,2,0,24,3,10,1851,50.03,0,227,-1,3,0,26,5,98,74,42,20,63,0,0,181,146,26,12,6,0,-1,-1,-1,-1,-1,-1,-1,-1
Nicky Shorey,Reading,37,1,0.03,0,0,1,-1,-1,-1,-1,-1,1,-1,15,15,5,1427,38.57,0,193,-1,2,0,15,0,72,76,6,30,97,0,0,135,92,33,8,11,0,-1,-1,-1,-1,-1,-1,-1,-1
David Bentley,Blackburn Rovers,36,4,0.11,0,2,2,0,0,74,23,31.08,1,0,15,14,8,1076,29.89,0,283,-1,4,1,49,9,47,77,16,24,35,0,0,177,220,40,5,12,0,-1,-1,-1,-1,-1,-1,-1,-1
Scott Carson,Liverpool,36,0,0,-1,-1,-1,-1,-1,-1,-1,-1,-1,-1,8,19,0,772,21.44,-1,-1,-1,1,0,0,-1,-1,-1,-1,-1,-1,-1,-1,-1,-1,-1,-1,-1,0,122,2,13,43,67,0,114,414
Didier Drogba,Chelsea,36,20,0.56,5,10,5,0,2,121,47,38.84,1,0,24,3,4,784,21.78,0,42,-1,9,0,69,43,46,-1,13,5,68,0,-1,-1,-1,-1,-1,-1,-1,-1,-1,-1,-1,-1,-1,-1,-1
Talal El Karkouri,Charlton Athletic,36,3,0.08,0,3,0,-1,-1,-1,-1,-1,1,-1,8,19,1,1193,33.14,0,21,-1,8,0,35,1,63,79,5,53,308,0,0,151,98,17,43,29,0,-1,-1,-1,-1,-1,-1,-1,-1
Steven Gerrard,Liverpool,36,7,0.19,0,7,0,1,0,99,25,25.25,2,0,20,8,2,1756,48.78,0,218,-1,1,0,22,4,90,83,21,32,42,0,0,188,159,25,30,20,0,-1,-1,-1,-1,-1,-1,-1,-1
Tim Howard,Manchester United,36,0,0,-1,-1,-1,-1,-1,-1,-1,-1,-1,-1,15,8,0,722,20.06,-1,-1,-1,1,0,3,-1,-1,-1,-1,-1,-1,-1,-1,-1,-1,-1,-1,-1,0,134,1,14,76,82,0,152,398
Kanu,Portsmouth,36,10,0.28,5,4,1,0,0,75,30,40,2,0,14,10,2,904,25.11,0,28,-1,3,0,73,28,38,-1,10,7,41,0,-1,-1,-1,-1,-1,-1,-1,-1,-1,-1,-1,-1,-1,-1,-1
Jens Lehmann,Arsenal,36,0,0,-1,-1,-1,-1,-1,-1,-1,-1,-1,-1,18,8,1,574,15.94,-1,-1,-1,8,0,1,-1,-1,-1,-1,-1,-1,-1,-1,-1,-1,-1,-1,-1,0,87,0,27,77,47,0,280,337
Benni McCarthy,Blackburn Rovers,36,18,0.5,5,12,1,4,0,79,37,46.84,1,0,14,15,0,851,23.64,0,8,-1,8,0,67,64,27,-1,16,5,18,0,-1,-1,-1,-1,-1,-1,-1,-1,-1,-1,-1,-1,-1,-1,-1
Morten Pedersen,Blackburn Rovers,36,6,0.17,2,1,3,0,3,91,27,29.67,1,0,15,14,6,1123,31.19,0,265,-1,5,0,54,14,101,84,18,38,63,0,0,231,227,13,47,42,0,-1,-1,-1,-1,-1,-1,-1,-1
Linvoy Primus,Portsmouth,36,2,0.06,2,0,0,-1,-1,-1,-1,-1,0,-1,13,11,0,838,23.28,0,3,-1,1,0,26,3,61,72,3,32,266,0,0,156,93,3,76,52,0,-1,-1,-1,-1,-1,-1,-1,-1
Georgios Samaras,Manchester City,36,4,0.11,0,1,3,1,0,66,27,40.91,1,0,11,17,6,479,13.31,0,28,-1,0,0,51,14,28,-1,9,6,19,0,-1,-1,-1,-1,-1,-1,-1,-1,-1,-1,-1,-1,-1,-1,-1
Mark Schwarzer,Middlesbrough,36,0,0,-1,-1,-1,-1,-1,-1,-1,-1,-1,-1,12,16,0,720,20,-1,-1,-1,1,0,2,-1,-1,-1,-1,-1,-1,-1,-1,-1,-1,-1,-1,-1,0,112,0,32,74,63,0,123,381
Nicolas Anelka,Bolton Wanderers,35,11,0.31,0,9,2,0,0,82,27,32.93,1,0,15,13,5,755,21.57,0,85,-1,0,0,43,34,21,-1,24,8,0,0,-1,-1,-1,-1,-1,-1,-1,-1,-1,-1,-1,-1,-1,-1,-1
Mikel Arteta,Everton,35,9,0.26,1,6,2,5,1,53,18,33.96,1,0,14,9,9,1349,38.54,0,318,-1,9,0,74,4,113,81,16,42,29,0,0,285,251,61,9,18,0,-1,-1,-1,-1,-1,-1,-1,-1
Leighton Baines,Wigan Athletic,35,3,0.09,0,0,3,-1,-1,-1,-1,-1,0,-1,9,20,0,1050,30,0,110,-1,8,0,33,1,89,80,10,29,144,0,0,159,122,14,17,14,0,-1,-1,-1,-1,-1,-1,-1,-1
Gareth Barry,Aston Villa,35,8,0.23,1,1,6,5,0,47,19,40.43,1,0,10,10,4,1414,40.4,0,201,-1,7,1,59,10,87,83,11,31,91,0,0,191,191,30,18,7,0,-1,-1,-1,-1,-1,-1,-1,-1
George Boateng,Middlesbrough,35,1,0.03,0,0,1,0,0,22,6,27.27,0,0,12,14,1,1395,39.86,0,23,-1,5,2,81,1,116,77,8,32,66,0,0,198,190,10,17,14,0,-1,-1,-1,-1,-1,-1,-1,-1
Jamie Carragher,Liverpool,35,1,0.03,0,1,0,-1,-1,-1,-1,-1,0,-1,19,8,0,1477,42.2,0,13,-1,5,0,31,0,94,81,3,25,253,0,0,167,78,2,38,21,0,-1,-1,-1,-1,-1,-1,-1,-1
Darius Henderson,Watford,35,3,0.09,0,1,2,1,0,55,23,41.82,1,0,4,19,0,775,22.14,0,28,-1,3,0,79,15,10,-1,11,1,22,0,-1,-1,-1,-1,-1,-1,-1,-1,-1,-1,-1,-1,-1,-1,-1
Stephen Hunt,Reading,35,4,0.11,2,1,1,0,0,37,10,27.03,0,0,15,14,5,575,16.43,0,166,-1,4,0,34,7,67,76,7,18,36,0,0,157,203,27,10,17,0,-1,-1,-1,-1,-1,-1,-1,-1
Abdoulaye Méité,Bolton Wanderers,35,0,0,0,0,0,-1,-1,-1,-1,-1,0,-1,16,11,0,857,24.49,0,0,-1,4,0,40,1,62,85,1,16,199,0,0,113,92,8,22,18,0,-1,-1,-1,-1,-1,-1,-1,-1
James Milner,Newcastle United,35,3,0.09,0,1,2,0,0,47,14,29.79,1,0,10,15,5,923,26.37,0,292,-1,3,0,31,2,56,84,9,18,44,0,0,155,211,49,12,38,0,-1,-1,-1,-1,-1,-1,-1,-1
Phil Neville,Everton,35,1,0.03,0,1,0,0,0,11,2,18.18,0,0,14,9,5,1423,40.66,0,105,-1,7,0,41,2,84,74,6,25,109,0,0,140,95,4,16,9,0,-1,-1,-1,-1,-1,-1,-1,-1
Gary O'Neil,Portsmouth,35,1,0.03,0,1,0,0,0,29,14,48.28,0,0,13,10,4,1223,34.94,0,165,-1,7,0,49,6,91,73,5,11,30,0,0,165,199,12,26,31,0,-1,-1,-1,-1,-1,-1,-1,-1
Emanuel Pogatetz,Middlesbrough,35,2,0.06,2,0,0,-1,-1,-1,-1,-1,0,-1,11,14,4,964,27.54,0,15,-1,10,0,43,1,82,84,4,16,273,0,0,183,118,3,60,32,0,-1,-1,-1,-1,-1,-1,-1,-1
Tomasz Radzinski,Fulham,35,2,0.06,0,1,1,0,0,31,10,32.26,1,0,7,13,3,600,17.14,0,109,-1,3,0,24,7,34,-1,8,7,17,0,-1,-1,-1,-1,-1,-1,-1,-1,-1,-1,-1,-1,-1,-1,-1
Pepe Reina,Liverpool,35,0,0,-1,-1,-1,-1,-1,-1,-1,-1,-1,-1,19,9,0,777,22.2,-1,-1,-1,0,0,1,-1,-1,-1,-1,-1,-1,-1,-1,-1,-1,-1,-1,-1,0,62,0,26,43,34,0,209,263
Nigel Reo-Coker,West Ham United,35,1,0.03,0,1,0,0,0,33,7,21.21,0,0,12,18,1,1008,28.8,0,21,-1,13,0,86,2,135,87,11,23,21,0,0,252,236,40,10,13,0,-1,-1,-1,-1,-1,-1,-1,-1
Wayne Rooney,Manchester United,35,14,0.4,1,11,2,0,0,132,45,34.09,5,0,25,5,11,1192,34.06,0,80,-1,6,0,47,15,38,-1,24,9,8,0,-1,-1,-1,-1,-1,-1,-1,-1,-1,-1,-1,-1,-1,-1,-1
Steve Sidwell,Reading,35,4,0.11,1,2,1,0,0,70,14,20,1,0,14,15,6,1161,33.17,0,28,-1,3,0,87,5,134,76,10,43,55,0,0,205,226,6,18,30,0,-1,-1,-1,-1,-1,-1,-1,-1
Matthew Taylor,Portsmouth,35,8,0.23,1,1,6,1,0,79,30,37.97,1,0,13,11,4,919,26.26,0,168,-1,4,0,38,3,82,70,17,12,57,0,0,166,149,11,45,26,0,-1,-1,-1,-1,-1,-1,-1,-1
Kolo Touré,Arsenal,35,3,0.09,1,2,0,-1,-1,-1,-1,-1,3,-1,17,8,2,1540,44,0,7,-1,7,0,25,2,88,74,6,25,254,0,0,161,100,21,35,37,0,-1,-1,-1,-1,-1,-1,-1,-1
Gilberto Silva,Arsenal,34,10,0.29,3,7,0,5,0,40,16,40,1,0,18,7,2,1907,56.09,0,14,-1,2,1,42,0,101,63,8,17,160,0,0,183,136,9,35,24,0,-1,-1,-1,-1,-1,-1,-1,-1
Emmerson Boyce,Wigan Athletic,34,0,0,0,0,0,-1,-1,-1,-1,-1,0,-1,10,18,1,699,20.56,0,62,-1,2,0,26,0,95,83,0,15,162,0,0,158,90,4,33,19,0,-1,-1,-1,-1,-1,-1,-1,-1
Michael Brown,Fulham,34,0,0,0,0,0,0,0,44,10,22.73,2,0,7,13,0,1112,32.71,0,41,-1,10,0,91,0,139,74,18,15,55,0,0,236,225,9,12,22,0,-1,-1,-1,-1,-1,-1,-1,-1
Ivan Campo,Bolton Wanderers,34,4,0.12,3,1,0,0,0,34,10,29.41,2,0,13,13,4,1309,38.5,0,92,-1,10,1,42,0,58,69,11,19,67,0,0,159,153,11,37,30,0,-1,-1,-1,-1,-1,-1,-1,-1
Pascal Chimbonda,Wigan Athletic,34,1,0.03,0,1,0,-1,-1,-1,-1,-1,0,-1,17,9,3,1330,39.12,0,85,-1,5,0,24,4,101,76,0,40,140,0,0,215,111,25,38,13,0,-1,-1,-1,-1,-1,-1,-1,-1
Jermain Defoe,Tottenham Hotspur,34,10,0.29,0,8,2,3,0,92,39,42.39,2,0,14,11,0,396,11.65,0,35,-1,3,0,31,39,28,-1,20,2,1,0,-1,-1,-1,-1,-1,-1,-1,-1,-1,-1,-1,-1,-1,-1,-1
Cristiano Ronaldo,Manchester United,34,17,0.5,2,15,0,3,1,185,67,36.22,7,0,25,5,8,1186,34.88,0,143,-1,2,0,16,13,23,-1,40,9,24,0,-1,-1,-1,-1,-1,-1,-1,-1,-1,-1,-1,-1,-1,-1,-1
Stewart Downing,Middlesbrough,34,2,0.06,0,1,1,0,0,57,20,35.09,1,0,12,15,8,1052,30.94,0,379,-1,4,0,22,10,38,76,15,16,33,0,0,109,154,29,3,8,0,-1,-1,-1,-1,-1,-1,-1,-1
Brett Emerton,Blackburn Rovers,34,0,0,0,0,0,0,0,18,5,27.78,0,0,14,13,3,1284,37.76,0,99,-1,5,0,46,0,81,86,4,21,99,0,0,142,150,17,14,15,0,-1,-1,-1,-1,-1,-1,-1,-1
Emile Heskey,Wigan Athletic,34,8,0.24,2,5,1,0,0,60,23,38.33,2,0,8,20,2,832,24.47,0,30,-1,7,0,75,29,37,-1,15,11,48,0,-1,-1,-1,-1,-1,-1,-1,-1,-1,-1,-1,-1,-1,-1,-1
Paddy Kenny,Sheffield United,34,0,0,-1,-1,-1,-1,-1,-1,-1,-1,-1,-1,10,17,0,753,22.15,-1,-1,-1,4,0,1,-1,-1,-1,-1,-1,-1,-1,-1,-1,-1,-1,-1,-1,0,100,1,15,37,38,0,106,323
Dirk Kuijt,Liverpool,34,12,0.35,2,8,2,0,0,92,33,35.87,2,0,20,8,4,1065,31.32,0,52,-1,0,0,48,23,46,70,16,9,9,0,0,133,225,22,34,50,0,-1,-1,-1,-1,-1,-1,-1,-1
Gavin Mahon,Watford,34,1,0.03,0,0,1,0,0,23,9,39.13,0,0,4,19,0,1054,31,0,27,-1,7,0,49,1,93,73,4,24,62,0,0,146,143,3,26,31,0,-1,-1,-1,-1,-1,-1,-1,-1
Leon Osman,Everton,34,3,0.09,0,1,2,0,0,72,24,33.33,2,0,13,8,1,853,25.09,0,58,-1,5,0,53,5,75,77,13,23,34,0,0,163,238,28,12,23,0,-1,-1,-1,-1,-1,-1,-1,-1
Jermaine Pennant,Liverpool,34,1,0.03,0,1,0,0,0,13,6,46.15,0,0,18,9,4,755,22.21,0,204,-1,4,0,31,3,33,79,2,9,8,0,0,104,159,29,4,9,0,-1,-1,-1,-1,-1,-1,-1,-1
Andrew Taylor,Middlesbrough,34,0,0,0,0,0,-1,-1,-1,-1,-1,0,-1,11,13,0,1225,36.03,0,53,-1,3,0,16,1,56,82,4,24,134,0,0,107,82,7,16,12,0,-1,-1,-1,-1,-1,-1,-1,-1
Joey Barton,Manchester City,33,6,0.18,0,6,0,1,0,73,29,39.73,0,0,9,15,4,1415,42.88,0,254,-1,10,1,63,3,87,79,13,29,34,0,0,175,208,23,11,14,0,-1,-1,-1,-1,-1,-1,-1,-1
James Beattie,Everton,33,2,0.06,0,2,0,2,0,32,10,31.25,0,0,13,10,3,471,14.27,0,23,-1,4,0,56,12,15,-1,4,1,11,0,-1,-1,-1,-1,-1,-1,-1,-1,-1,-1,-1,-1,-1,-1,-1
Dimitar Berbatov,Tottenham Hotspur,33,12,0.36,0,10,2,0,1,91,44,48.35,0,0,15,10,9,948,28.73,0,52,-1,1,0,61,54,34,-1,9,11,48,0,-1,-1,-1,-1,-1,-1,-1,-1,-1,-1,-1,-1,-1,-1,-1
Michael Carrick,Manchester United,33,3,0.09,0,3,0,0,0,36,7,19.44,0,0,23,5,3,1839,55.73,0,51,-1,2,0,29,0,89,69,11,37,54,0,0,128,84,6,4,6,0,-1,-1,-1,-1,-1,-1,-1,-1
El Hadji Diouf,Bolton Wanderers,33,5,0.15,1,4,0,1,0,38,19,50,1,0,15,13,5,801,24.27,0,244,-1,8,1,43,25,37,78,12,19,13,0,0,176,237,49,5,21,0,-1,-1,-1,-1,-1,-1,-1,-1
Michael Essien,Chelsea,33,2,0.06,1,1,0,0,0,51,13,25.49,2,0,20,3,3,1760,53.33,0,32,-1,5,0,33,1,90,79,13,41,148,0,0,230,161,25,50,27,0,-1,-1,-1,-1,-1,-1,-1,-1
Rio Ferdinand,Manchester United,33,1,0.03,0,0,1,-1,-1,-1,-1,-1,1,-1,25,4,0,1662,50.36,0,6,-1,3,0,20,1,59,80,2,36,259,0,0,145,75,10,52,28,0,-1,-1,-1,-1,-1,-1,-1,-1
Steve Finnan,Liverpool,33,0,0,0,0,0,-1,-1,-1,-1,-1,1,-1,17,9,4,1292,39.15,0,114,-1,2,0,17,3,69,84,3,15,113,0,0,130,96,14,13,19,0,-1,-1,-1,-1,-1,-1,-1,-1
Aliaksandr Hleb,Arsenal,33,2,0.06,0,2,0,0,0,30,7,23.33,0,0,16,7,4,1495,45.3,0,47,-1,1,0,25,3,82,77,12,23,21,0,0,194,184,55,1,8,0,-1,-1,-1,-1,-1,-1,-1,-1
Matt Holland,Charlton Athletic,33,1,0.03,0,1,0,0,0,30,7,23.33,0,0,8,17,2,1005,30.45,0,27,-1,2,0,19,0,82,76,9,22,59,0,0,117,77,4,3,14,0,-1,-1,-1,-1,-1,-1,-1,-1
Nicky Hunt,Bolton Wanderers,33,0,0,0,0,0,-1,-1,-1,-1,-1,0,-1,16,13,1,846,25.64,0,82,-1,2,0,24,1,68,87,1,20,109,0,0,102,82,5,7,19,0,-1,-1,-1,-1,-1,-1,-1,-1
Salomon Kalou,Chelsea,33,7,0.21,3,2,2,0,0,54,21,38.89,3,0,21,3,2,544,16.48,0,22,-1,0,0,47,41,32,81,13,8,15,0,0,109,211,45,10,28,0,-1,-1,-1,-1,-1,-1,-1,-1
Kevin Kilbane,Everton,33,1,0.03,1,0,0,0,0,30,11,36.67,0,0,9,15,6,783,23.73,0,135,-1,2,1,29,3,54,80,6,12,56,0,0,129,160,7,30,33,0,-1,-1,-1,-1,-1,-1,-1,-1
Denny Landzaat,Wigan Athletic,33,2,0.06,0,2,0,0,0,43,13,30.23,1,0,10,16,1,1016,30.79,0,55,-1,2,0,35,0,56,77,11,10,37,0,0,93,101,2,10,16,0,-1,-1,-1,-1,-1,-1,-1,-1
Leroy Lita,Reading,33,7,0.21,1,3,3,0,0,55,20,36.36,2,0,13,13,2,411,12.45,0,21,-1,1,0,36,31,16,-1,9,4,3,0,-1,-1,-1,-1,-1,-1,-1,-1,-1,-1,-1,-1,-1,-1,-1
Obafemi Martins,Newcastle United,33,11,0.33,2,4,5,1,0,93,30,32.26,4,0,10,16,3,779,23.61,0,28,-1,1,0,39,31,33,-1,16,9,5,0,-1,-1,-1,-1,-1,-1,-1,-1,-1,-1,-1,-1,-1,-1,-1
John Arne Riise,Liverpool,33,1,0.03,0,0,1,-1,-1,-1,-1,-1,1,-1,18,7,1,1136,34.42,0,107,-1,1,0,21,5,71,79,14,14,121,0,0,148,95,16,31,16,0,-1,-1,-1,-1,-1,-1,-1,-1
Ashley Young,Watford,33,5,0.15,0,5,0,-1,-1,-1,-1,-1,1,-1,5,13,6,584,17.7,0,307,-1,3,0,56,24,37,78,14,10,22,0,0,126,197,19,11,20,0,-1,-1,-1,-1,-1,-1,-1,-1
Xabi Alonso,Liverpool,32,4,0.12,0,4,0,1,0,51,16,31.37,2,0,17,9,1,2023,63.22,0,33,-1,9,0,46,0,132,81,12,36,43,0,0,227,158,7,36,21,0,-1,-1,-1,-1,-1,-1,-1,-1
Tal Ben Haim,Bolton Wanderers,32,0,0,0,0,0,-1,-1,-1,-1,-1,0,-1,15,11,0,1014,31.69,0,33,-1,7,0,20,1,107,77,0,20,126,0,0,158,72,7,26,12,0,-1,-1,-1,-1,-1,-1,-1,-1
Darren Bent,Charlton Athletic,32,13,0.41,3,9,1,3,0,75,29,38.67,3,0,7,16,1,695,21.72,0,45,-1,1,0,47,53,28,-1,9,7,20,0,-1,-1,-1,-1,-1,-1,-1,-1,-1,-1,-1,-1,-1,-1,-1
Hameur Bouazza,Watford,32,6,0.19,0,1,5,1,0,50,24,48,0,0,3,18,3,490,15.31,0,156,-1,3,0,47,13,59,83,9,17,20,0,0,106,195,12,17,34,0,-1,-1,-1,-1,-1,-1,-1,-1
Sol Campbell,Portsmouth,32,1,0.03,1,0,0,-1,-1,-1,-1,-1,0,-1,12,9,2,644,20.12,0,2,-1,1,0,22,0,63,78,4,11,217,0,0,139,61,3,50,24,0,-1,-1,-1,-1,-1,-1,-1,-1
Peter Crouch,Liverpool,32,9,0.28,2,6,1,0,0,67,35,52.24,1,0,18,8,6,545,17.03,0,4,-1,2,0,34,6,13,-1,11,4,22,0,-1,-1,-1,-1,-1,-1,-1,-1,-1,-1,-1,-1,-1,-1,-1
Jay DeMerit,Watford,32,2,0.06,2,0,0,-1,-1,-1,-1,-1,0,-1,4,16,0,689,21.53,0,5,-1,4,0,30,2,62,76,0,22,198,0,0,150,94,2,54,37,0,-1,-1,-1,-1,-1,-1,-1,-1
Abdoulaye Diagne-Faye,Bolton Wanderers,32,2,0.06,2,0,0,-1,-1,-1,-1,-1,0,-1,14,12,0,818,25.56,0,3,-1,9,0,43,5,72,85,2,27,159,0,0,146,98,5,47,31,0,-1,-1,-1,-1,-1,-1,-1,-1
Kevin Doyle,Reading,32,13,0.41,4,5,4,3,0,56,27,48.21,1,0,12,14,1,550,17.19,0,57,-1,0,0,36,22,22,-1,9,7,11,0,-1,-1,-1,-1,-1,-1,-1,-1,-1,-1,-1,-1,-1,-1,-1
Damien Francis,Watford,32,3,0.09,0,3,0,0,0,40,16,40,1,0,4,16,0,604,18.88,0,13,-1,5,0,51,5,59,75,8,10,37,0,0,105,132,3,20,12,0,-1,-1,-1,-1,-1,-1,-1,-1
Marlon Harewood,West Ham United,32,3,0.09,0,3,0,0,0,56,15,26.79,1,0,9,19,1,459,14.34,0,27,-1,5,0,47,22,18,-1,13,7,9,0,-1,-1,-1,-1,-1,-1,-1,-1,-1,-1,-1,-1,-1,-1,-1
Andrew Johnson,Everton,32,11,0.34,2,7,2,1,0,70,30,42.86,1,0,14,7,2,498,15.56,0,73,-1,4,0,20,27,27,-1,18,6,4,0,-1,-1,-1,-1,-1,-1,-1,-1,-1,-1,-1,-1,-1,-1,-1
John O'Shea,Manchester United,32,4,0.12,0,3,1,-1,-1,-1,-1,-1,0,-1,24,4,1,1040,32.5,0,19,-1,2,0,20,0,58,76,3,5,66,0,0,80,63,0,12,7,0,-1,-1,-1,-1,-1,-1,-1,-1
Tommy Smith,Watford,32,1,0.03,0,0,1,0,0,32,6,18.75,0,0,5,16,3,625,19.53,0,167,-1,2,0,27,9,39,-1,7,21,18,0,-1,-1,-1,-1,-1,-1,-1,-1,-1,-1,-1,-1,-1,-1,-1
Edwin van der Sar,Manchester United,32,0,0,-1,-1,-1,-1,-1,-1,-1,-1,-1,-1,24,4,0,723,22.59,-1,-1,-1,1,0,1,-1,-1,-1,-1,-1,-1,-1,-1,-1,-1,-1,-1,-1,0,77,1,20,25,46,0,187,255
Darius Vassell,Manchester City,32,3,0.09,0,2,1,0,0,40,15,37.5,0,0,10,15,1,657,20.53,0,82,-1,6,0,49,39,71,-1,11,3,6,0,-1,-1,-1,-1,-1,-1,-1,-1,-1,-1,-1,-1,-1,-1,-1
Bobby Zamora,West Ham United,32,11,0.34,1,3,7,0,0,54,20,37.04,1,0,12,16,3,711,22.22,0,52,-1,3,1,66,22,24,-1,6,4,15,0,-1,-1,-1,-1,-1,-1,-1,-1,-1,-1,-1,-1,-1,-1,-1
Nicky Butt,Newcastle United,31,1,0.03,0,1,0,0,0,15,2,13.33,0,0,11,13,2,1135,36.61,0,14,-1,5,0,58,3,107,70,3,41,47,0,0,171,155,10,15,22,0,-1,-1,-1,-1,-1,-1,-1,-1
Lee Cattermole,Middlesbrough,31,1,0.03,0,1,0,0,0,19,4,21.05,0,0,9,13,2,658,21.23,0,23,-1,10,0,46,0,89,70,2,25,27,0,0,123,128,7,8,17,0,-1,-1,-1,-1,-1,-1,-1,-1
Sean Davis,Portsmouth,31,0,0,0,0,0,0,0,33,12,36.36,2,0,13,11,5,1017,32.81,0,38,-1,5,0,45,3,96,76,5,14,19,0,0,138,145,13,2,16,0,-1,-1,-1,-1,-1,-1,-1,-1
Anton Ferdinand,West Ham United,31,0,0,0,0,0,-1,-1,-1,-1,-1,0,-1,12,15,1,754,24.32,0,2,-1,5,0,27,2,37,73,1,19,236,0,0,98,78,4,37,37,0,-1,-1,-1,-1,-1,-1,-1,-1
Keith Gillespie,Sheffield United,31,2,0.06,1,1,0,0,0,28,12,42.86,0,0,8,17,2,795,25.65,0,265,-1,3,1,23,1,52,79,8,16,36,0,0,127,134,13,38,28,0,-1,-1,-1,-1,-1,-1,-1,-1
Hermann Hreidarsson,Charlton Athletic,31,0,0,0,0,0,-1,-1,-1,-1,-1,0,-1,7,15,2,810,26.13,0,29,-1,5,1,39,0,63,73,4,26,223,0,0,140,105,5,49,20,0,-1,-1,-1,-1,-1,-1,-1,-1
Benjani,Portsmouth,31,6,0.19,2,4,0,0,0,43,17,39.53,0,0,11,9,3,534,17.23,0,25,-1,0,0,44,40,35,-1,6,2,2,0,-1,-1,-1,-1,-1,-1,-1,-1,-1,-1,-1,-1,-1,-1,-1
Lucas Neill,Blackburn Rovers,31,0,0,0,0,0,-1,-1,-1,-1,-1,0,-1,15,14,5,1378,44.45,0,61,-1,9,1,38,0,82,73,3,30,146,0,0,146,118,9,19,6,0,-1,-1,-1,-1,-1,-1,-1,-1
Antti Niemi,Fulham,31,0,0,-1,-1,-1,-1,-1,-1,-1,-1,-1,-1,7,11,0,648,20.9,-1,-1,-1,1,0,0,-1,-1,-1,-1,-1,-1,-1,-1,-1,-1,-1,-1,-1,0,99,0,16,29,44,0,77,351
Kevin Nolan,Bolton Wanderers,31,3,0.1,0,3,0,0,0,46,12,26.09,0,0,15,11,0,750,24.19,0,26,-1,9,1,51,8,65,68,11,18,31,0,0,94,147,6,7,21,0,-1,-1,-1,-1,-1,-1,-1,-1
Ricardo Carvalho,Chelsea,31,3,0.1,2,1,0,-1,-1,-1,-1,-1,1,-1,22,2,1,1359,43.84,0,17,-1,6,0,27,0,68,85,3,32,215,0,0,120,84,3,29,35,0,-1,-1,-1,-1,-1,-1,-1,-1
Jordan Stewart,Watford,31,0,0,0,0,0,-1,-1,-1,-1,-1,1,-1,4,16,1,776,25.03,0,130,-1,2,0,41,0,62,77,4,16,136,0,0,130,98,13,24,11,0,-1,-1,-1,-1,-1,-1,-1,-1
Didier Zokora,Tottenham Hotspur,31,0,0,0,0,0,0,0,20,2,10,0,0,12,12,0,1189,38.35,0,28,-1,2,1,18,1,78,77,7,29,52,0,0,188,98,23,12,11,0,-1,-1,-1,-1,-1,-1,-1,-1
Marcus Bent,Charlton Athletic,30,1,0.03,0,1,0,0,0,25,8,32,1,0,7,16,2,505,16.83,0,31,-1,0,0,12,6,12,-1,3,2,10,0,-1,-1,-1,-1,-1,-1,-1,-1,-1,-1,-1,-1,-1,-1,-1
Carlos Bocanegra,Fulham,30,5,0.17,3,0,2,-1,-1,-1,-1,-1,1,-1,6,10,0,739,24.63,0,13,-1,5,0,25,1,48,75,3,19,173,0,0,91,77,0,22,27,0,-1,-1,-1,-1,-1,-1,-1,-1
Kevin Davies,Bolton Wanderers,30,8,0.27,2,4,2,0,0,39,17,43.59,0,0,12,12,5,932,31.07,0,50,-1,10,1,91,6,63,-1,10,8,43,0,-1,-1,-1,-1,-1,-1,-1,-1,-1,-1,-1,-1,-1,-1,-1
Ryan Giggs,Manchester United,30,4,0.13,1,1,2,0,0,50,18,36,2,0,23,4,7,1023,34.1,0,254,-1,5,0,19,5,44,66,9,12,13,0,0,104,171,30,12,24,0,-1,-1,-1,-1,-1,-1,-1,-1
Heidar Helguson,Fulham,30,4,0.13,1,2,1,1,0,37,12,32.43,0,0,7,13,3,449,14.97,0,21,-1,9,1,46,21,27,-1,6,4,20,0,-1,-1,-1,-1,-1,-1,-1,-1,-1,-1,-1,-1,-1,-1,-1
Tugay,Blackburn Rovers,30,1,0.03,0,1,0,0,0,17,5,29.41,0,0,12,13,2,1441,48.03,0,5,-1,3,1,29,0,58,78,2,24,23,0,0,100,100,12,5,9,0,-1,-1,-1,-1,-1,-1,-1,-1
Gavin McCann,Aston Villa,30,1,0.03,0,1,0,0,0,24,5,20.83,0,0,9,9,1,1180,39.33,0,20,-1,9,0,49,1,156,70,5,29,56,0,0,222,174,12,13,11,0,-1,-1,-1,-1,-1,-1,-1,-1
Hayden Mullins,West Ham United,30,2,0.07,1,0,1,0,0,27,9,33.33,0,0,10,17,0,1015,33.83,0,10,-1,4,0,39,0,69,70,6,17,23,0,0,99,97,4,6,7,0,-1,-1,-1,-1,-1,-1,-1,-1
Stiliyan Petrov,Aston Villa,30,2,0.07,0,2,0,0,0,53,18,33.96,1,0,7,9,1,1082,36.07,0,72,-1,4,0,30,5,73,79,17,23,49,0,0,160,124,12,11,23,0,-1,-1,-1,-1,-1,-1,-1,-1
Paul Scholes,Manchester United,30,6,0.2,0,5,1,0,0,37,17,45.95,1,0,21,5,1,2071,69.03,0,27,-1,8,1,48,1,95,76,11,25,26,0,0,138,125,9,2,5,0,-1,-1,-1,-1,-1,-1,-1,-1
Andriy Shevchenko,Chelsea,30,4,0.13,0,1,3,0,0,61,31,50.82,0,0,20,2,6,455,15.17,0,23,-1,1,0,18,16,27,-1,11,5,0,0,-1,-1,-1,-1,-1,-1,-1,-1,-1,-1,-1,-1,-1,-1,-1
Danny Shittu,Watford,30,1,0.03,0,1,0,-1,-1,-1,-1,-1,1,-1,4,14,0,645,21.5,0,10,-1,2,0,31,1,57,74,1,20,224,0,0,202,75,5,103,24,0,-1,-1,-1,-1,-1,-1,-1,-1
Jonathan Woodgate,Middlesbrough (Loan),30,0,0,0,0,0,-1,-1,-1,-1,-1,0,-1,9,11,1,822,27.4,0,4,-1,3,0,28,0,73,85,1,29,229,0,0,126,54,4,33,17,0,-1,-1,-1,-1,-1,-1,-1,-1
Emmanuel Adebayor,Arsenal,29,8,0.28,1,6,1,1,0,67,30,44.78,5,0,15,5,3,800,27.59,0,33,-1,2,0,45,36,17,-1,9,4,13,0,-1,-1,-1,-1,-1,-1,-1,-1,-1,-1,-1,-1,-1,-1,-1
Yossi Benayoun,West Ham United,29,3,0.1,0,1,2,0,0,39,10,25.64,0,0,8,16,3,785,27.07,0,89,-1,4,0,20,2,50,70,16,20,24,0,0,122,151,35,10,16,0,-1,-1,-1,-1,-1,-1,-1,-1
Luís Boa Morte,Fulham,29,1,0.03,0,0,1,0,0,24,7,29.17,1,0,11,11,3,401,13.83,0,61,-1,3,0,49,3,81,69,4,17,37,0,0,157,168,20,3,7,0,-1,-1,-1,-1,-1,-1,-1,-1
Simon Davies,Everton,29,2,0.07,0,1,1,0,0,45,12,26.67,0,0,7,14,3,829,28.59,0,134,-1,2,0,19,2,56,86,13,19,29,0,0,103,116,16,8,9,0,-1,-1,-1,-1,-1,-1,-1,-1
Ben Foster,Manchester United,29,0,0,-1,-1,-1,-1,-1,-1,-1,-1,-1,-1,4,15,0,782,26.97,-1,-1,-1,0,0,2,-1,-1,-1,-1,-1,-1,-1,-1,-1,-1,-1,-1,-1,0,104,0,9,41,43,0,82,289
Robert Hulse,Sheffield United,29,8,0.28,4,3,1,0,0,77,26,33.77,7,0,8,14,1,581,20.03,0,11,-1,6,0,63,16,18,-1,8,2,15,0,-1,-1,-1,-1,-1,-1,-1,-1,-1,-1,-1,-1,-1,-1,-1
Claude Makelele,Chelsea,29,1,0.03,0,1,0,0,0,5,1,20,0,0,20,2,0,1445,49.83,0,7,-1,5,0,39,0,72,81,2,33,49,0,0,144,103,12,12,19,0,-1,-1,-1,-1,-1,-1,-1,-1
Lee McCulloch,Wigan Athletic,29,4,0.14,0,4,0,-1,-1,-1,-1,-1,2,-1,9,15,5,641,22.1,0,27,-1,4,1,51,3,38,66,24,9,32,0,0,125,155,3,33,44,0,-1,-1,-1,-1,-1,-1,-1,-1
Scott Parker,Newcastle United,29,3,0.1,3,0,0,0,0,44,15,34.09,1,0,8,14,1,1160,40,0,27,-1,9,0,53,4,166,79,9,41,48,0,0,250,157,14,19,15,0,-1,-1,-1,-1,-1,-1,-1,-1
Franck Queudrue,Fulham,29,1,0.03,0,1,0,-1,-1,-1,-1,-1,0,-1,6,9,3,1014,34.97,0,112,-1,8,0,41,1,112,72,5,31,191,0,0,208,122,18,43,7,0,-1,-1,-1,-1,-1,-1,-1,-1
Thomas Sørensen,Aston Villa,29,0,0,-1,-1,-1,-1,-1,-1,-1,-1,-1,-1,11,5,0,469,16.17,-1,-1,-1,0,0,1,-1,-1,-1,-1,-1,-1,-1,-1,-1,-1,-1,-1,-1,0,69,0,22,41,34,0,97,299
Mark Viduka,Middlesbrough,29,14,0.48,2,9,3,0,0,58,26,44.83,0,0,11,12,3,678,23.38,0,7,-1,1,0,28,18,17,-1,7,1,14,0,-1,-1,-1,-1,-1,-1,-1,-1,-1,-1,-1,-1,-1,-1,-1
Moritz Volz,Fulham,29,2,0.07,0,2,0,-1,-1,-1,-1,-1,0,-1,6,12,1,585,20.17,0,41,-1,3,0,28,1,89,80,4,18,68,0,0,157,137,11,10,9,0,-1,-1,-1,-1,-1,-1,-1,-1
Luke Young,Charlton Athletic,29,1,0.03,0,1,0,-1,-1,-1,-1,-1,0,-1,6,15,0,1117,38.52,0,70,-1,3,0,20,0,109,74,1,29,126,0,0,175,124,16,17,30,0,-1,-1,-1,-1,-1,-1,-1,-1
Steven Davis,Aston Villa,28,0,0,0,0,0,0,0,13,4,30.77,0,0,8,8,1,717,25.61,0,51,-1,1,0,24,3,59,85,3,14,19,0,0,88,93,14,3,4,0,-1,-1,-1,-1,-1,-1,-1,-1
Amdy Faye,Charlton Athletic,28,1,0.04,0,1,0,0,0,19,3,15.79,0,0,7,16,0,765,27.32,0,8,-1,6,0,61,2,94,82,4,29,60,0,0,154,141,7,15,18,0,-1,-1,-1,-1,-1,-1,-1,-1
James Morrison,Middlesbrough,28,2,0.07,0,2,0,0,0,25,11,44,0,0,7,13,2,491,17.54,0,41,-1,0,0,2,4,40,75,5,14,16,0,0,71,77,18,6,8,0,-1,-1,-1,-1,-1,-1,-1,-1
Micah Richards,Manchester City,28,1,0.04,0,1,0,-1,-1,-1,-1,-1,1,-1,9,13,0,673,24.04,0,19,-1,2,0,43,7,69,90,6,17,99,0,0,140,112,6,40,17,0,-1,-1,-1,-1,-1,-1,-1,-1
Dennis Rommedahl,Charlton Athletic,28,0,0,0,0,0,0,0,32,9,28.12,0,0,5,15,2,627,22.39,0,111,-1,1,0,22,8,20,95,8,12,14,0,0,74,100,36,3,6,0,-1,-1,-1,-1,-1,-1,-1,-1
Josip Skoko,Wigan Athletic,28,0,0,0,0,0,0,0,31,4,12.9,1,0,6,16,1,853,30.46,0,76,-1,3,0,35,0,56,77,14,18,50,0,0,98,93,2,11,17,0,-1,-1,-1,-1,-1,-1,-1,-1
Nolberto Solano,Newcastle United,28,2,0.07,0,2,0,2,0,20,4,20,0,0,8,11,4,1218,43.5,0,92,-1,6,0,33,1,78,73,9,29,61,0,0,106,87,1,8,5,0,-1,-1,-1,-1,-1,-1,-1,-1
John Terry,Chelsea,28,1,0.04,1,0,0,-1,-1,-1,-1,-1,0,-1,18,2,0,1221,43.61,0,1,-1,1,1,28,1,51,76,6,21,160,0,0,142,73,2,47,23,0,-1,-1,-1,-1,-1,-1,-1,-1
Daniel Agger,Liverpool,27,2,0.07,1,0,1,-1,-1,-1,-1,-1,0,-1,15,5,2,1142,42.3,0,9,-1,1,0,16,1,50,82,2,13,139,0,0,114,49,12,24,21,0,-1,-1,-1,-1,-1,-1,-1,-1
Chris Armstrong,Sheffield United,27,0,0,0,0,0,-1,-1,-1,-1,-1,0,-1,7,15,0,675,25,0,64,-1,2,0,16,0,99,79,6,17,93,0,0,162,93,12,21,13,0,-1,-1,-1,-1,-1,-1,-1,-1
Craig Bellamy,Liverpool,27,7,0.26,1,6,0,0,0,59,27,45.76,1,0,14,8,2,459,17,0,62,-1,2,0,34,54,16,-1,12,5,1,0,-1,-1,-1,-1,-1,-1,-1,-1,-1,-1,-1,-1,-1,-1,-1
Gaël Clichy,Arsenal,27,0,0,0,0,0,-1,-1,-1,-1,-1,0,-1,14,5,0,1268,46.96,0,77,-1,2,0,21,1,134,81,1,48,140,0,0,204,107,29,14,19,0,-1,-1,-1,-1,-1,-1,-1,-1
Matthew Etherington,West Ham United,27,0,0,0,0,0,0,0,24,7,29.17,1,0,8,16,1,664,24.59,0,207,-1,2,0,16,6,31,90,8,8,18,0,0,75,127,19,2,4,0,-1,-1,-1,-1,-1,-1,-1,-1
Colin Kazim-Richards,Sheffield United,27,1,0.04,0,1,0,0,0,32,10,31.25,0,0,9,13,3,413,15.3,0,85,-1,2,0,35,11,38,-1,9,7,11,0,-1,-1,-1,-1,-1,-1,-1,-1,-1,-1,-1,-1,-1,-1,-1
Robbie Keane,Tottenham Hotspur,27,11,0.41,1,9,1,3,0,45,20,44.44,1,0,12,9,2,555,20.56,0,63,-1,2,1,14,20,18,-1,7,1,7,0,-1,-1,-1,-1,-1,-1,-1,-1,-1,-1,-1,-1,-1,-1,-1
Aaron Mokoena,Blackburn Rovers,27,0,0,0,0,0,0,0,9,0,0,0,0,13,9,0,622,23.04,0,3,-1,6,0,27,0,37,78,5,12,32,0,0,73,61,2,18,8,0,-1,-1,-1,-1,-1,-1,-1,-1
Seol Ki-Hyeon,Reading,27,4,0.15,2,1,1,0,0,30,13,43.33,0,0,13,11,4,463,17.15,0,136,-1,3,0,29,8,60,65,7,9,4,0,0,111,182,16,9,38,0,-1,-1,-1,-1,-1,-1,-1,-1
Steven Taylor,Newcastle United,27,2,0.07,1,0,1,-1,-1,-1,-1,-1,1,-1,10,10,0,846,31.33,0,2,-1,4,0,25,0,35,74,1,30,148,0,0,93,59,2,31,17,0,-1,-1,-1,-1,-1,-1,-1,-1
Michael Tonge,Sheffield United,27,2,0.07,0,2,0,0,1,33,9,27.27,1,0,7,15,0,814,30.15,0,23,-1,6,0,30,0,42,71,13,17,21,0,0,94,121,17,6,17,0,-1,-1,-1,-1,-1,-1,-1,-1
Shaun Wright-Phillips,Chelsea,27,2,0.07,0,1,1,0,0,32,10,31.25,2,0,14,3,4,451,16.7,0,71,-1,1,0,20,3,36,75,6,15,5,0,0,98,140,34,5,14,0,-1,-1,-1,-1,-1,-1,-1,-1
Darren Ambrose,Charlton Athletic,26,3,0.12,1,1,1,0,0,38,14,36.84,2,0,4,16,1,511,19.65,0,95,-1,1,0,24,6,33,64,10,12,17,0,0,75,95,16,7,14,0,-1,-1,-1,-1,-1,-1,-1,-1
Michael Ballack,Chelsea,26,5,0.19,4,1,0,0,1,45,12,26.67,0,0,19,2,1,1067,41.04,0,24,-1,7,1,67,2,78,71,7,13,51,0,0,138,143,5,20,23,0,-1,-1,-1,-1,-1,-1,-1,-1
Pedro Mendes,Portsmouth,26,2,0.08,0,1,1,0,0,41,9,21.95,0,0,9,8,3,1055,40.58,0,57,-1,2,1,23,0,67,72,10,46,17,0,0,101,98,18,1,7,0,-1,-1,-1,-1,-1,-1,-1,-1
Derek Geary,Sheffield United,26,0,0,0,0,0,-1,-1,-1,-1,-1,0,-1,8,12,3,611,23.5,0,52,-1,4,0,18,3,68,82,3,18,89,0,0,133,77,4,22,17,0,-1,-1,-1,-1,-1,-1,-1,-1
Robert Green,West Ham United,26,0,0,-1,-1,-1,-1,-1,-1,-1,-1,-1,-1,11,14,0,568,21.85,-1,-1,-1,0,0,0,-1,-1,-1,-1,-1,-1,-1,-1,-1,-1,-1,-1,-1,0,86,0,19,46,49,0,128,298
Glen Johnson,Chelsea,26,0,0,0,0,0,-1,-1,-1,-1,-1,0,-1,10,7,2,1014,39,0,70,-1,4,0,40,3,89,79,2,28,114,0,0,179,174,52,14,10,0,-1,-1,-1,-1,-1,-1,-1,-1
Chris Kirkland,Liverpool,26,0,0,-1,-1,-1,-1,-1,-1,-1,-1,-1,-1,7,15,2,594,22.85,-1,-1,-1,1,0,0,-1,-1,-1,-1,-1,-1,-1,-1,-1,-1,-1,-1,-1,0,66,1,13,39,33,0,37,201
Aaron Lennon,Tottenham Hotspur,26,3,0.12,0,0,3,0,0,22,10,45.45,0,0,14,6,7,541,20.81,0,98,-1,0,0,6,6,33,79,6,10,18,0,0,112,117,50,0,5,0,-1,-1,-1,-1,-1,-1,-1,-1
Nick Montgomery,Sheffield United,26,0,0,0,0,0,0,0,19,3,15.79,0,0,8,14,4,631,24.27,0,32,-1,7,0,54,1,76,82,4,20,27,0,0,121,169,5,13,22,0,-1,-1,-1,-1,-1,-1,-1,-1
Shabani Nonda,Blackburn Rovers (Loan),26,7,0.27,1,5,1,1,0,43,13,30.23,0,0,12,10,2,409,15.73,0,11,-1,1,0,24,25,9,-1,15,1,4,0,-1,-1,-1,-1,-1,-1,-1,-1,-1,-1,-1,-1,-1,-1,-1
Tomas Rosicky,Arsenal,26,3,0.12,1,0,2,0,0,61,23,37.7,1,0,15,7,1,1025,39.42,0,75,-1,3,0,13,1,58,71,9,9,9,0,0,108,100,17,7,5,0,-1,-1,-1,-1,-1,-1,-1,-1
Antoine Sibierski,Manchester City,26,3,0.12,1,2,0,0,0,40,16,40,1,0,10,10,2,548,21.08,0,7,-1,0,0,17,9,23,-1,6,12,12,0,-1,-1,-1,-1,-1,-1,-1,-1,-1,-1,-1,-1,-1,-1,-1
Carlos Tevez,West Ham United,26,7,0.27,0,7,0,1,2,68,20,29.41,3,0,8,16,3,519,19.96,0,94,-1,4,0,40,15,35,-1,20,5,2,0,-1,-1,-1,-1,-1,-1,-1,-1,-1,-1,-1,-1,-1,-1,-1
Wilfred Bouma,Aston Villa,25,0,0,0,0,0,-1,-1,-1,-1,-1,0,-1,8,7,1,741,29.64,0,61,-1,0,0,17,0,59,80,1,22,90,0,0,101,73,9,9,16,0,-1,-1,-1,-1,-1,-1,-1,-1
Bernardo Corradi,Manchester City,25,3,0.12,1,2,0,0,0,53,20,37.74,0,0,8,11,2,532,21.28,0,11,-1,2,2,60,37,21,-1,6,2,10,0,-1,-1,-1,-1,-1,-1,-1,-1,-1,-1,-1,-1,-1,-1,-1
Mark González,Liverpool,25,2,0.08,0,0,2,0,1,33,12,36.36,0,0,16,6,0,397,15.88,0,86,-1,0,0,21,2,26,81,6,9,10,0,0,67,107,11,19,16,0,-1,-1,-1,-1,-1,-1,-1,-1
Jimmy Floyd Hasselbaink,Charlton Athletic,25,2,0.08,0,1,1,0,0,30,9,30,1,0,5,14,3,305,12.2,0,9,-1,3,0,17,8,17,-1,9,1,5,0,-1,-1,-1,-1,-1,-1,-1,-1,-1,-1,-1,-1,-1,-1,-1
Jermaine Jenas,Tottenham Hotspur,25,6,0.24,1,4,1,0,0,40,12,30,0,0,12,8,2,1076,43.04,0,131,-1,4,0,31,4,87,74,5,25,42,0,0,122,120,9,6,11,0,-1,-1,-1,-1,-1,-1,-1,-1
Steed Malbranque,Tottenham Hotspur,25,2,0.08,1,0,1,0,0,31,8,25.81,1,0,12,7,4,672,26.88,0,38,-1,5,0,27,0,75,80,9,10,12,0,0,134,126,28,3,3,0,-1,-1,-1,-1,-1,-1,-1,-1
Christian Nade,Sheffield United,25,3,0.12,0,3,0,0,0,28,14,50,1,0,6,14,1,182,7.28,0,10,-1,2,0,26,16,10,-1,5,0,0,0,-1,-1,-1,-1,-1,-1,-1,-1,-1,-1,-1,-1,-1,-1,-1
John Oster,Reading,25,1,0.04,0,1,0,0,0,10,2,20,0,0,10,12,2,361,14.44,0,69,-1,1,0,13,0,20,80,0,6,1,0,0,39,44,9,0,1,0,-1,-1,-1,-1,-1,-1,-1,-1
Paul Scharner,Wigan Athletic,25,3,0.12,1,0,2,-1,-1,-1,-1,-1,1,-1,7,11,0,595,23.8,0,13,-1,9,0,44,3,60,73,6,12,59,0,0,121,106,7,27,18,0,-1,-1,-1,-1,-1,-1,-1,-1
Jonathan Spector,West Ham United,25,0,0,0,0,0,-1,-1,-1,-1,-1,0,-1,8,14,0,628,25.12,0,51,-1,5,0,25,2,65,78,1,20,110,0,0,113,72,6,9,8,0,-1,-1,-1,-1,-1,-1,-1,-1
Ricardo Vaz Tê,Bolton Wanderers,25,0,0,0,0,0,0,0,16,1,6.25,0,0,8,11,0,206,8.24,0,28,-1,0,0,13,6,14,-1,3,4,5,0,-1,-1,-1,-1,-1,-1,-1,-1,-1,-1,-1,-1,-1,-1,-1
Nemanja Vidic,Manchester United,25,3,0.12,3,0,0,-1,-1,-1,-1,-1,0,-1,20,2,0,1069,42.76,0,0,-1,7,0,35,0,39,85,4,11,230,0,0,137,63,0,47,15,0,-1,-1,-1,-1,-1,-1,-1,-1
Nicky Weaver,Manchester City,25,0,0,-1,-1,-1,-1,-1,-1,-1,-1,-1,-1,8,12,0,395,15.8,-1,-1,-1,0,0,0,-1,-1,-1,-1,-1,-1,-1,-1,-1,-1,-1,-1,-1,0,49,0,9,45,23,0,51,240
Emre,Newcastle United,24,2,0.08,0,0,2,1,0,24,6,25,0,0,8,11,2,962,40.08,0,108,-1,6,0,31,1,74,78,7,26,10,0,0,153,143,32,1,9,0,-1,-1,-1,-1,-1,-1,-1,-1
Emmanuel Eboué,Arsenal,24,0,0,0,0,0,-1,-1,-1,-1,-1,3,-1,10,5,4,1088,45.33,0,70,-1,2,0,20,0,76,72,1,17,62,0,0,135,104,23,9,12,0,-1,-1,-1,-1,-1,-1,-1,-1
Patrice Evra,Manchester United,24,1,0.04,0,0,1,-1,-1,-1,-1,-1,0,-1,20,3,2,886,36.92,0,59,-1,4,0,32,2,91,78,1,25,97,0,0,171,124,13,27,30,0,-1,-1,-1,-1,-1,-1,-1,-1
Darren Fletcher,Manchester United,24,3,0.12,2,1,0,0,0,22,8,36.36,1,0,16,3,1,854,35.58,0,34,-1,0,0,21,1,67,70,4,14,22,0,0,100,89,4,5,11,0,-1,-1,-1,-1,-1,-1,-1,-1
Fitz Hall,Wigan Athletic,24,0,0,0,0,0,-1,-1,-1,-1,-1,0,-1,4,15,0,512,21.33,0,7,-1,3,1,30,1,45,71,1,15,126,0,0,102,63,4,39,17,0,-1,-1,-1,-1,-1,-1,-1,-1
Bryan Hughes,Charlton Athletic,24,1,0.04,1,0,0,0,0,14,8,57.14,0,0,5,15,1,596,24.83,0,38,-1,2,0,11,1,39,74,1,14,34,0,0,55,74,4,2,15,0,-1,-1,-1,-1,-1,-1,-1,-1
Stephen Ireland,Manchester City,24,1,0.04,0,0,1,0,0,13,3,23.08,0,0,3,15,1,521,21.71,0,22,-1,0,0,22,0,49,94,3,14,13,0,0,70,95,6,2,9,0,-1,-1,-1,-1,-1,-1,-1,-1
Niko Kranjcar,Portsmouth,24,2,0.08,0,2,0,0,0,34,8,23.53,0,0,7,9,2,464,19.33,0,61,-1,0,0,21,3,33,79,10,2,22,0,0,65,83,16,3,9,0,-1,-1,-1,-1,-1,-1,-1,-1
Glen Little,Reading,24,0,0,0,0,0,0,0,13,4,30.77,0,0,9,11,3,586,24.42,0,161,-1,1,0,16,2,42,74,1,3,11,0,0,92,100,31,8,6,0,-1,-1,-1,-1,-1,-1,-1,-1
Chris Morgan,Sheffield United,24,1,0.04,1,0,0,-1,-1,-1,-1,-1,1,-1,6,12,1,540,22.5,0,1,-1,6,0,34,0,47,81,3,14,180,0,0,131,82,0,53,34,0,-1,-1,-1,-1,-1,-1,-1,-1
Gary Neville,Manchester United,24,0,0,0,0,0,-1,-1,-1,-1,-1,0,-1,18,3,3,1144,47.67,0,90,-1,2,0,18,4,50,74,1,25,92,0,0,88,64,4,9,11,0,-1,-1,-1,-1,-1,-1,-1,-1
Julio Baptista,Arsenal,24,3,0.12,1,2,0,0,0,45,10,22.22,0,0,13,5,2,493,20.54,0,9,-1,0,0,27,7,12,-1,13,0,11,0,-1,-1,-1,-1,-1,-1,-1,-1,-1,-1,-1,-1,-1,-1,-1
Paulo Ferreira,Chelsea,24,0,0,0,0,0,-1,-1,-1,-1,-1,0,-1,13,3,0,783,32.62,0,38,-1,5,0,21,0,63,76,0,14,82,0,0,111,79,8,15,11,0,-1,-1,-1,-1,-1,-1,-1,-1
Wayne Routledge,Tottenham Hotspur,24,0,0,0,0,0,0,0,19,3,15.79,0,0,6,8,1,373,15.54,0,117,-1,1,0,24,5,32,69,9,3,6,0,0,87,161,21,3,10,0,-1,-1,-1,-1,-1,-1,-1,-1
Louis Saha,Manchester United,24,8,0.33,1,2,5,2,0,73,34,46.58,0,0,18,3,4,526,21.92,0,13,-1,1,0,26,16,21,-1,14,1,11,0,-1,-1,-1,-1,-1,-1,-1,-1,-1,-1,-1,-1,-1,-1,-1
Juan Pablo Ángel,Aston Villa,23,4,0.17,0,4,0,1,0,36,14,38.89,2,0,6,6,1,558,24.26,0,5,-1,2,0,45,21,16,-1,6,7,12,0,-1,-1,-1,-1,-1,-1,-1,-1,-1,-1,-1,-1,-1,-1,-1
Henri Camara,Wigan Athletic,23,6,0.26,0,5,1,1,0,59,20,33.9,1,0,7,11,1,352,15.3,0,26,-1,3,0,18,26,19,-1,11,7,0,0,-1,-1,-1,-1,-1,-1,-1,-1,-1,-1,-1,-1,-1,-1,-1
Stephen Carr,Newcastle United,23,0,0,0,0,0,-1,-1,-1,-1,-1,0,-1,4,12,0,920,40,0,35,-1,2,0,36,2,52,77,1,16,58,0,0,100,78,13,15,10,0,-1,-1,-1,-1,-1,-1,-1,-1
Ashley Cole,Arsenal,23,0,0,0,0,0,-1,-1,-1,-1,-1,0,-1,15,2,2,860,37.39,0,50,-1,4,0,11,0,74,85,2,19,93,0,0,120,76,11,4,13,0,-1,-1,-1,-1,-1,-1,-1,-1
Andrew Davies,Middlesbrough,23,0,0,0,0,0,-1,-1,-1,-1,-1,0,-1,8,10,0,676,29.39,0,37,-1,3,0,18,1,48,83,1,14,103,0,0,105,63,3,30,14,0,-1,-1,-1,-1,-1,-1,-1,-1
Souleymane Diawara,Charlton Athletic,23,0,0,0,0,0,-1,-1,-1,-1,-1,0,-1,6,11,0,568,24.7,0,1,-1,5,0,23,0,80,85,2,38,222,0,0,137,59,3,33,16,0,-1,-1,-1,-1,-1,-1,-1,-1
Papa Bouba Diop,Fulham,23,0,0,0,0,0,0,0,35,6,17.14,0,0,6,10,2,726,31.57,0,10,-1,3,1,48,2,67,66,7,11,59,0,0,173,118,15,44,14,0,-1,-1,-1,-1,-1,-1,-1,-1
Stelios Giannakopoulos,Bolton Wanderers,23,0,0,0,0,0,0,0,11,3,27.27,1,0,10,9,0,297,12.91,0,45,-1,1,0,19,4,13,69,2,7,7,0,0,36,57,6,1,10,0,-1,-1,-1,-1,-1,-1,-1,-1
Brynjar Gunnarsson,Reading,23,3,0.13,1,2,0,0,0,17,11,64.71,0,0,12,8,0,373,16.22,0,26,-1,1,0,17,0,29,66,2,18,32,0,0,64,65,11,9,8,0,-1,-1,-1,-1,-1,-1,-1,-1
Sami Hyypiä,Liverpool,23,2,0.09,1,0,1,-1,-1,-1,-1,-1,1,-1,13,7,1,1237,53.78,0,9,-1,3,0,29,0,61,77,0,25,176,0,0,133,71,2,52,22,0,-1,-1,-1,-1,-1,-1,-1,-1
Collins John,Fulham,23,1,0.04,0,1,0,0,0,19,4,21.05,1,0,3,9,0,168,7.3,0,15,-1,0,0,15,23,8,-1,4,0,6,0,-1,-1,-1,-1,-1,-1,-1,-1,-1,-1,-1,-1,-1,-1,-1
Zat Knight,Fulham,23,2,0.09,2,0,0,-1,-1,-1,-1,-1,0,-1,6,12,0,572,24.87,0,7,-1,3,0,15,1,42,71,1,8,176,0,0,75,37,3,15,6,0,-1,-1,-1,-1,-1,-1,-1,-1
Graeme Murty,Reading,23,0,0,0,0,0,-1,-1,-1,-1,-1,0,-1,11,9,0,734,31.91,0,57,-1,2,0,12,0,48,60,0,24,58,0,0,80,68,10,6,7,0,-1,-1,-1,-1,-1,-1,-1,-1
Noé Pamarot,Portsmouth,23,2,0.09,2,0,0,-1,-1,-1,-1,-1,1,-1,8,9,0,549,23.87,0,17,-1,4,0,24,0,77,77,1,13,109,0,0,150,73,6,35,11,0,-1,-1,-1,-1,-1,-1,-1,-1
Ibrahima Sonko,Reading,23,1,0.04,1,0,0,-1,-1,-1,-1,-1,0,-1,10,9,0,520,22.61,0,2,-1,3,1,13,0,50,88,1,24,186,0,0,113,54,5,43,23,0,-1,-1,-1,-1,-1,-1,-1,-1
Alan Stubbs,Everton,23,2,0.09,1,1,0,-1,-1,-1,-1,-1,0,-1,9,8,0,661,28.74,0,2,-1,3,0,17,0,40,78,4,19,181,0,0,83,43,2,23,11,0,-1,-1,-1,-1,-1,-1,-1,-1
Wayne Bridge,Chelsea,22,0,0,0,0,0,-1,-1,-1,-1,-1,0,-1,14,1,4,804,36.55,0,85,-1,1,0,8,0,48,81,2,10,65,0,0,89,58,17,8,12,0,-1,-1,-1,-1,-1,-1,-1,-1
Wes Brown,Manchester United,22,0,0,0,0,0,-1,-1,-1,-1,-1,0,-1,17,3,2,878,39.91,0,25,-1,3,0,25,0,58,83,2,13,94,0,0,93,71,3,15,19,0,-1,-1,-1,-1,-1,-1,-1,-1
Matt Derbyshire,Blackburn Rovers,22,5,0.23,1,4,0,0,0,22,7,31.82,1,0,12,8,1,159,7.23,0,14,-1,1,0,12,10,8,-1,2,2,1,0,-1,-1,-1,-1,-1,-1,-1,-1,-1,-1,-1,-1,-1,-1,-1
Damien Duff,Newcastle United,22,1,0.05,0,0,1,0,0,31,10,32.26,0,0,6,12,1,512,23.27,0,86,-1,1,0,17,15,30,73,12,18,14,0,0,88,110,20,5,5,0,-1,-1,-1,-1,-1,-1,-1,-1
Kieron Dyer,Newcastle United,22,5,0.23,1,4,0,0,0,26,11,42.31,1,0,7,7,2,649,29.5,0,11,-1,1,0,20,13,20,65,5,12,5,0,0,64,90,15,4,6,0,-1,-1,-1,-1,-1,-1,-1,-1
Shay Given,Newcastle United,22,0,0,-1,-1,-1,-1,-1,-1,-1,-1,-1,-1,9,7,0,604,27.45,-1,-1,-1,1,0,0,-1,-1,-1,-1,-1,-1,-1,-1,-1,-1,-1,-1,-1,0,64,0,11,31,36,0,85,224
Gabriel Heinze,Manchester United,22,0,0,0,0,0,-1,-1,-1,-1,-1,0,-1,14,4,0,842,38.27,0,29,-1,5,0,27,0,50,88,4,21,96,0,0,99,71,3,20,15,0,-1,-1,-1,-1,-1,-1,-1,-1
Justin Hoyte,Arsenal,22,1,0.05,0,1,0,-1,-1,-1,-1,-1,0,-1,11,6,0,729,33.14,0,41,-1,1,0,6,3,38,79,0,5,75,0,0,61,39,6,8,12,0,-1,-1,-1,-1,-1,-1,-1,-1
Paul Konchesky,West Ham United,22,0,0,0,0,0,-1,-1,-1,-1,-1,0,-1,4,15,2,917,41.68,0,81,-1,7,1,18,1,58,74,4,19,79,0,0,102,68,14,15,11,0,-1,-1,-1,-1,-1,-1,-1,-1
Lomana Lua Lua,Portsmouth,22,2,0.09,0,2,0,1,0,47,21,44.68,1,0,9,8,0,354,16.09,0,29,-1,0,0,11,25,13,-1,9,3,1,0,-1,-1,-1,-1,-1,-1,-1,-1,-1,-1,-1,-1,-1,-1,-1
George McCartney,West Ham United,22,0,0,0,0,0,-1,-1,-1,-1,-1,0,-1,11,8,2,541,24.59,0,45,-1,4,0,18,1,57,75,0,10,77,0,0,97,57,7,15,8,0,-1,-1,-1,-1,-1,-1,-1,-1
Charles N'Zogbia,Newcastle United,22,0,0,0,0,0,0,0,23,4,17.39,0,0,4,12,2,374,17,0,39,-1,2,0,17,1,28,71,10,6,5,0,0,76,107,26,8,10,0,-1,-1,-1,-1,-1,-1,-1,-1
John Obi Mikel,Chelsea,22,0,0,0,0,0,0,0,10,3,30,0,0,14,1,3,686,31.18,0,9,-1,4,1,15,0,48,77,4,12,14,0,0,68,57,2,9,12,0,-1,-1,-1,-1,-1,-1,-1,-1
Ian Pearce,Fulham,22,1,0.05,0,1,0,-1,-1,-1,-1,-1,0,-1,4,9,0,381,17.32,0,1,-1,3,1,22,0,19,68,0,9,175,0,0,47,34,0,13,5,0,-1,-1,-1,-1,-1,-1,-1,-1
Ben Thatcher,Manchester City,22,0,0,0,0,0,-1,-1,-1,-1,-1,0,-1,5,10,2,636,28.91,0,30,-1,6,1,26,0,81,68,0,13,121,0,0,115,71,1,22,9,0,-1,-1,-1,-1,-1,-1,-1,-1
Antonio Valencia,Wigan Athletic (Loan),22,1,0.05,0,1,0,-1,-1,-1,-1,-1,0,-1,7,10,1,484,22,0,43,-1,6,1,34,2,55,78,1,7,14,0,0,97,120,16,1,5,0,-1,-1,-1,-1,-1,-1,-1,-1
Robin van Persie,Arsenal,22,11,0.5,0,1,10,1,2,66,25,37.88,1,0,12,4,3,475,21.59,0,92,-1,8,0,26,15,25,-1,14,3,7,0,-1,-1,-1,-1,-1,-1,-1,-1,-1,-1,-1,-1,-1,-1,-1
Danny Webber,Sheffield United,22,3,0.14,2,1,0,0,0,27,13,48.15,1,0,6,11,0,323,14.68,0,16,-1,0,0,7,8,9,-1,5,8,3,0,-1,-1,-1,-1,-1,-1,-1,-1,-1,-1,-1,-1,-1,-1,-1
Julio Arca,Middlesbrough,21,2,0.1,0,0,2,0,0,19,4,21.05,0,0,8,6,1,721,34.33,0,17,-1,3,0,24,0,59,83,7,10,32,0,0,84,88,8,4,6,0,-1,-1,-1,-1,-1,-1,-1,-1
Claude Davis,Sheffield United,21,0,0,0,0,0,-1,-1,-1,-1,-1,1,-1,7,11,0,422,20.1,0,0,-1,3,1,25,0,83,76,2,8,161,0,0,150,64,5,42,17,0,-1,-1,-1,-1,-1,-1,-1,-1
Arjan De Zeeuw,Wigan Athletic,21,0,0,0,0,0,-1,-1,-1,-1,-1,0,-1,6,10,0,484,23.05,0,1,-1,5,0,29,0,43,79,1,10,145,0,0,116,64,0,45,25,0,-1,-1,-1,-1,-1,-1,-1,-1
Johan Djourou,Arsenal,21,0,0,0,0,0,-1,-1,-1,-1,-1,0,-1,13,2,0,764,36.38,0,1,-1,1,0,18,0,50,78,0,4,106,0,0,87,46,4,11,7,0,-1,-1,-1,-1,-1,-1,-1,-1
Lloyd Doyley,Watford,21,0,0,0,0,0,-1,-1,-1,-1,-1,0,-1,3,11,0,401,19.1,0,16,-1,1,0,14,0,32,69,0,14,67,0,0,53,37,2,11,7,0,-1,-1,-1,-1,-1,-1,-1,-1
Hossam Ghaly,Tottenham Hotspur,21,1,0.05,0,1,0,0,0,14,4,28.57,0,0,8,7,2,585,27.86,0,33,-1,4,1,26,6,55,78,3,9,16,0,0,112,142,14,7,14,0,-1,-1,-1,-1,-1,-1,-1,-1
William Gallas,Chelsea,21,3,0.14,1,1,1,-1,-1,-1,-1,-1,0,-1,11,4,0,891,42.43,0,15,-1,4,0,8,2,34,76,0,12,102,0,0,69,48,3,17,11,0,-1,-1,-1,-1,-1,-1,-1,-1
Tom Huddlestone,Tottenham Hotspur,21,1,0.05,0,1,0,0,0,34,8,23.53,0,0,10,6,2,886,42.19,0,78,-1,1,0,24,0,40,70,10,12,39,0,0,65,55,5,3,2,0,-1,-1,-1,-1,-1,-1,-1,-1
Ledley King,Tottenham Hotspur,21,0,0,0,0,0,-1,-1,-1,-1,-1,0,-1,11,5,1,713,33.95,0,1,-1,1,0,10,0,48,83,3,20,162,0,0,99,28,1,38,15,0,-1,-1,-1,-1,-1,-1,-1,-1
Lee Young-Pyo,Tottenham Hotspur,21,0,0,0,0,0,-1,-1,-1,-1,-1,0,-1,10,8,0,720,34.29,0,52,-1,1,0,14,0,73,81,1,14,89,0,0,124,73,13,8,12,0,-1,-1,-1,-1,-1,-1,-1,-1
Shane Long,Reading,21,2,0.1,1,1,0,0,0,14,4,28.57,1,0,9,8,0,157,7.48,0,16,-1,2,0,22,5,13,-1,2,5,4,0,-1,-1,-1,-1,-1,-1,-1,-1,-1,-1,-1,-1,-1,-1,-1
Peter Ramage,Newcastle United,21,0,0,0,0,0,-1,-1,-1,-1,-1,0,-1,7,9,0,640,30.48,0,22,-1,2,0,11,0,44,84,2,21,141,0,0,87,53,0,25,18,0,-1,-1,-1,-1,-1,-1,-1,-1
Liam Ridgewell,Aston Villa,21,1,0.05,0,0,1,-1,-1,-1,-1,-1,0,-1,5,5,1,663,31.57,0,12,-1,1,0,26,0,64,86,1,11,154,0,0,140,74,4,48,23,0,-1,-1,-1,-1,-1,-1,-1,-1
Arjen Robben,Chelsea,21,2,0.1,0,1,1,0,0,40,15,37.5,3,0,16,2,4,416,19.81,0,135,-1,1,0,10,11,25,-1,4,11,4,0,-1,-1,-1,-1,-1,-1,-1,-1,-1,-1,-1,-1,-1,-1,-1
Robbie Savage,Blackburn Rovers,21,0,0,0,0,0,0,0,20,5,25,0,0,9,8,1,707,33.67,0,43,-1,8,0,56,1,68,76,4,17,27,0,0,117,125,6,10,6,0,-1,-1,-1,-1,-1,-1,-1,-1
Teemu Tainio,Tottenham Hotspur,21,2,0.1,0,2,0,0,0,20,4,20,0,0,9,6,0,747,35.57,0,11,-1,1,0,13,0,64,70,10,28,46,0,0,96,57,6,7,8,0,-1,-1,-1,-1,-1,-1,-1,-1
Djimi Traore,Charlton Athletic,21,0,0,0,0,0,-1,-1,-1,-1,-1,1,-1,6,10,0,450,21.43,0,19,-1,1,1,17,0,67,75,2,18,82,0,0,112,62,4,17,13,0,-1,-1,-1,-1,-1,-1,-1,-1
Lee Bowyer,West Ham United,20,0,0,0,0,0,0,0,24,7,29.17,2,0,8,9,1,492,24.6,0,46,-1,5,0,23,1,32,63,8,9,31,0,0,74,79,2,4,11,0,-1,-1,-1,-1,-1,-1,-1,-1
Gary Cahill,Aston Villa,20,0,0,0,0,0,-1,-1,-1,-1,-1,0,-1,3,9,0,507,25.35,0,1,-1,3,0,24,0,52,79,3,13,158,0,0,109,58,2,41,17,0,-1,-1,-1,-1,-1,-1,-1,-1
Petr Cech,Chelsea,20,0,0,-1,-1,-1,-1,-1,-1,-1,-1,-1,-1,14,1,0,383,19.15,-1,-1,-1,1,0,0,-1,-1,-1,-1,-1,-1,-1,-1,-1,-1,-1,-1,-1,0,56,0,13,42,29,0,82,162
Philippe Christanval,Fulham,20,1,0.05,0,1,0,-1,-1,-1,-1,-1,0,-1,5,7,0,461,23.05,0,1,-1,1,0,17,1,34,88,1,14,100,0,0,55,43,1,12,9,0,-1,-1,-1,-1,-1,-1,-1,-1
Mathieu Flamini,Arsenal,20,3,0.15,0,3,0,0,0,13,3,23.08,0,0,9,5,1,475,23.75,0,24,-1,3,0,15,0,22,64,0,9,29,0,0,46,47,5,4,3,0,-1,-1,-1,-1,-1,-1,-1,-1
Matt Jackson,Wigan Athletic,20,1,0.05,1,0,0,-1,-1,-1,-1,-1,0,-1,5,10,0,429,21.45,0,1,-1,1,0,11,0,45,73,0,11,105,0,0,80,32,1,16,7,0,-1,-1,-1,-1,-1,-1,-1,-1
André Ooijer,Blackburn Rovers,20,0,0,0,0,0,-1,-1,-1,-1,-1,0,-1,8,9,0,728,36.4,0,3,-1,3,0,19,0,57,77,2,15,115,0,0,105,40,5,28,10,0,-1,-1,-1,-1,-1,-1,-1,-1
Fábio Rochemback,Middlesbrough,20,2,0.1,0,2,0,0,1,31,9,29.03,0,0,6,10,3,741,37.05,0,47,-1,5,0,47,1,59,73,10,11,19,0,0,102,99,10,7,6,0,-1,-1,-1,-1,-1,-1,-1,-1
Dejan Stefanovic,Portsmouth,20,0,0,0,0,0,-1,-1,-1,-1,-1,0,-1,10,5,0,567,28.35,0,28,-1,4,0,33,1,50,78,2,11,110,0,0,88,68,2,27,9,0,-1,-1,-1,-1,-1,-1,-1,-1
Jerome Thomas,Charlton Athletic,20,3,0.15,0,2,1,1,0,19,9,47.37,0,0,6,7,2,348,17.4,0,70,-1,0,0,28,3,24,88,4,8,13,0,0,89,112,19,4,1,0,-1,-1,-1,-1,-1,-1,-1,-1
David Thompson,Portsmouth,20,0,0,0,0,0,0,0,22,3,13.64,1,0,7,8,1,226,11.3,0,29,-1,6,0,20,1,14,79,7,5,10,0,0,39,65,4,5,5,0,-1,-1,-1,-1,-1,-1,-1,-1
Hatem Trabelsi,Manchester City,20,1,0.05,0,0,1,-1,-1,-1,-1,-1,1,-1,7,10,1,466,23.3,0,65,-1,2,0,28,1,29,93,7,9,14,0,0,75,95,12,8,10,0,-1,-1,-1,-1,-1,-1,-1,-1
Victor Anichebe,Everton,19,3,0.16,0,1,2,0,0,15,6,40,0,0,8,6,1,162,8.53,0,17,-1,6,0,15,5,4,-1,1,4,2,0,-1,-1,-1,-1,-1,-1,-1,-1,-1,-1,-1,-1,-1,-1,-1
Manuel Fernandes,Portsmouth,19,2,0.11,0,2,0,0,0,23,7,30.43,0,0,8,7,1,516,27.16,0,12,-1,4,0,20,0,40,80,3,12,11,0,0,86,91,14,2,2,0,-1,-1,-1,-1,-1,-1,-1,-1
Aaron Hughes,Aston Villa,19,0,0,0,0,0,-1,-1,-1,-1,-1,0,-1,7,5,0,437,23,0,30,-1,0,0,8,0,38,71,0,7,48,0,0,53,34,0,8,5,0,-1,-1,-1,-1,-1,-1,-1,-1
Robert Kozluk,Sheffield United,19,0,0,0,0,0,-1,-1,-1,-1,-1,0,-1,5,11,0,423,22.26,0,23,-1,4,0,18,1,29,66,1,9,52,0,0,64,52,13,8,7,0,-1,-1,-1,-1,-1,-1,-1,-1
Mikele Leigertwood,Sheffield United,19,0,0,0,0,0,0,0,23,4,17.39,0,0,4,10,1,551,29,0,8,-1,3,0,30,0,64,78,5,12,27,0,0,101,102,8,14,13,0,-1,-1,-1,-1,-1,-1,-1,-1
Adrian Mariappa,Watford,19,0,0,0,0,0,-1,-1,-1,-1,-1,0,-1,4,11,0,509,26.79,0,28,-1,2,0,12,0,52,75,1,15,64,0,0,94,59,5,22,14,0,-1,-1,-1,-1,-1,-1,-1,-1
James McFadden,Everton,19,2,0.11,0,1,1,0,0,18,7,38.89,0,0,7,7,0,215,11.32,0,33,-1,1,0,17,9,15,87,5,2,3,0,0,60,93,22,3,15,0,-1,-1,-1,-1,-1,-1,-1,-1
Geremi,Chelsea,19,1,0.05,0,1,0,0,1,11,2,18.18,0,0,11,1,1,685,36.05,0,66,-1,0,0,6,0,43,81,4,13,57,0,0,86,51,15,20,12,0,-1,-1,-1,-1,-1,-1,-1,-1
Alan Quinn,Sheffield United,19,0,0,0,0,0,0,0,25,9,36,1,0,5,10,1,284,14.95,0,43,-1,1,0,14,1,18,89,2,3,6,0,0,45,77,9,3,12,0,-1,-1,-1,-1,-1,-1,-1,-1
Ole Gunnar Solskjaer,Manchester United,19,7,0.37,1,4,2,0,0,31,13,41.94,1,0,12,4,0,305,16.05,0,24,-1,1,0,10,8,13,-1,5,1,1,0,-1,-1,-1,-1,-1,-1,-1,-1,-1,-1,-1,-1,-1,-1,-1
DaMarcus Beasley,Manchester City (Loan),18,3,0.17,0,1,2,-1,-1,-1,-1,-1,1,-1,5,10,1,302,16.78,0,23,-1,1,0,10,3,29,66,5,8,7,0,0,65,63,10,3,2,0,-1,-1,-1,-1,-1,-1,-1,-1
Tim Cahill,Everton,18,5,0.28,1,2,2,0,0,26,14,53.85,1,0,7,3,0,530,29.44,0,25,-1,5,0,50,5,38,-1,4,10,45,0,-1,-1,-1,-1,-1,-1,-1,-1,-1,-1,-1,-1,-1,-1,-1
Andrew Cole,Manchester City,18,3,0.17,0,3,0,0,0,27,14,51.85,0,0,6,8,1,151,8.39,0,4,-1,1,0,17,17,5,-1,3,0,2,0,-1,-1,-1,-1,-1,-1,-1,-1,-1,-1,-1,-1,-1,-1,-1
Danny Gabbidon,West Ham United,18,0,0,0,0,0,-1,-1,-1,-1,-1,0,-1,4,11,0,662,36.78,0,2,-1,1,0,19,0,42,90,0,11,107,0,0,89,55,0,33,16,0,-1,-1,-1,-1,-1,-1,-1,-1
Ricardo Gardner,Bolton Wanderers,18,0,0,0,0,0,0,0,7,2,28.57,0,0,6,7,0,446,24.78,0,20,-1,6,0,19,0,34,79,2,20,40,0,0,64,70,8,1,5,0,-1,-1,-1,-1,-1,-1,-1,-1
Steve Harper,Newcastle United,18,0,0,-1,-1,-1,-1,-1,-1,-1,-1,-1,-1,3,9,0,391,21.72,-1,-1,-1,0,0,0,-1,-1,-1,-1,-1,-1,-1,-1,-1,-1,-1,-1,-1,0,54,0,13,14,24,0,64,189
Richard Hughes,Portsmouth,18,0,0,0,0,0,0,0,10,3,30,1,0,5,4,0,397,22.06,0,7,-1,4,0,26,0,50,70,1,7,16,0,0,70,55,2,3,3,0,-1,-1,-1,-1,-1,-1,-1,-1
Steve Kabba,Sheffield United,18,0,0,0,0,0,0,0,13,6,46.15,0,0,4,12,2,159,8.83,0,17,-1,0,0,16,8,14,-1,3,4,2,0,-1,-1,-1,-1,-1,-1,-1,-1,-1,-1,-1,-1,-1,-1,-1
Zurab Khizanishvili,Blackburn Rovers,18,0,0,0,0,0,-1,-1,-1,-1,-1,0,-1,6,9,0,635,35.28,0,5,-1,6,0,29,0,60,75,2,23,113,0,0,94,68,2,17,10,0,-1,-1,-1,-1,-1,-1,-1,-1
Freddie Ljungberg,Arsenal,18,0,0,0,0,0,0,0,25,10,40,1,0,8,4,0,404,22.44,0,49,-1,2,0,10,6,33,82,5,3,6,0,0,99,90,19,2,3,0,-1,-1,-1,-1,-1,-1,-1,-1
Nedum Onuoha,Manchester City,18,0,0,0,0,0,-1,-1,-1,-1,-1,0,-1,7,7,0,360,20,0,11,-1,0,0,10,2,46,72,2,7,70,0,0,69,39,5,3,9,0,-1,-1,-1,-1,-1,-1,-1,-1
Stuart Parnaby,Middlesbrough,18,0,0,0,0,0,-1,-1,-1,-1,-1,0,-1,5,8,0,289,16.06,0,17,-1,2,0,10,0,31,74,1,0,26,0,0,42,27,4,1,2,0,-1,-1,-1,-1,-1,-1,-1,-1
Henrik Pedersen,Bolton Wanderers,18,1,0.06,1,0,0,0,0,6,2,33.33,0,0,7,8,2,344,19.11,0,20,-1,1,0,11,0,22,-1,3,5,34,0,-1,-1,-1,-1,-1,-1,-1,-1,-1,-1,-1,-1,-1,-1,-1
Jason Roberts,Blackburn Rovers,18,4,0.22,1,2,1,0,0,26,18,69.23,0,0,7,7,1,225,12.5,0,6,-1,2,1,27,10,6,-1,1,1,1,0,-1,-1,-1,-1,-1,-1,-1,-1,-1,-1,-1,-1,-1,-1,-1
Trevor Sinclair,Manchester City,18,0,0,0,0,0,0,0,16,4,25,0,0,4,8,0,519,28.83,0,53,-1,5,0,13,2,24,83,4,9,18,0,0,63,86,7,16,23,0,-1,-1,-1,-1,-1,-1,-1,-1
Fábio Aurélio,Liverpool,17,0,0,0,0,0,-1,-1,-1,-1,-1,0,-1,10,4,3,432,25.41,0,87,-1,1,0,15,1,56,79,4,7,36,0,0,79,44,9,6,9,0,-1,-1,-1,-1,-1,-1,-1,-1
Milan Baros,Aston Villa,17,1,0.06,0,1,0,0,0,13,4,30.77,0,0,3,5,1,229,13.47,0,12,-1,1,0,26,12,8,-1,5,0,2,0,-1,-1,-1,-1,-1,-1,-1,-1,-1,-1,-1,-1,-1,-1,-1
Titus Bramble,Newcastle United,17,0,0,0,0,0,-1,-1,-1,-1,-1,0,-1,4,8,0,686,40.35,0,2,-1,4,1,13,0,52,85,0,14,105,0,0,95,47,1,32,19,0,-1,-1,-1,-1,-1,-1,-1,-1
Leigh Bromby,Sheffield United,17,0,0,0,0,0,-1,-1,-1,-1,-1,0,-1,5,9,0,344,20.24,0,12,-1,5,0,14,1,36,72,1,7,76,0,0,57,43,3,14,10,0,-1,-1,-1,-1,-1,-1,-1,-1
Carlton Cole,West Ham United,17,2,0.12,0,2,0,0,0,13,6,46.15,0,0,2,11,1,190,11.18,0,14,-1,2,0,15,2,9,-1,2,3,8,0,-1,-1,-1,-1,-1,-1,-1,-1,-1,-1,-1,-1,-1,-1,-1
Jason Euell,Charlton Athletic,17,0,0,0,0,0,0,0,14,5,35.71,0,0,5,7,2,220,12.94,0,3,-1,2,0,22,2,21,-1,1,6,19,0,-1,-1,-1,-1,-1,-1,-1,-1,-1,-1,-1,-1,-1,-1,-1
Luis Garcia,Liverpool,17,3,0.18,1,0,2,0,0,45,16,35.56,1,0,11,4,4,428,25.18,0,47,-1,3,0,30,6,30,70,10,4,6,0,0,60,110,15,5,11,0,-1,-1,-1,-1,-1,-1,-1,-1
Thierry Henry,Arsenal,17,10,0.59,2,6,2,3,1,93,41,44.09,1,0,9,3,4,562,33.06,0,62,-1,1,0,13,24,15,-1,15,2,6,0,-1,-1,-1,-1,-1,-1,-1,-1,-1,-1,-1,-1,-1,-1,-1
Craig Moore,Newcastle United,17,0,0,0,0,0,-1,-1,-1,-1,-1,0,-1,3,10,0,505,29.71,0,0,-1,5,0,24,0,43,72,0,13,65,0,0,97,61,1,35,21,0,-1,-1,-1,-1,-1,-1,-1,-1
Teddy Sheringham,West Ham United,17,2,0.12,1,1,0,0,0,15,4,26.67,0,0,5,10,0,303,17.82,0,3,-1,3,0,11,7,3,-1,5,0,1,0,-1,-1,-1,-1,-1,-1,-1,-1,-1,-1,-1,-1,-1,-1,-1
Andranik Teymourian,Bolton Wanderers,17,2,0.12,1,0,1,0,0,17,6,35.29,1,0,5,8,0,317,18.65,0,40,-1,1,0,18,1,25,92,5,9,6,0,0,48,41,2,3,5,0,-1,-1,-1,-1,-1,-1,-1,-1
Benoit Assou-Ekotto,Tottenham Hotspur,16,0,0,0,0,0,-1,-1,-1,-1,-1,0,-1,5,7,1,614,38.38,0,32,-1,1,0,25,0,67,82,3,20,91,0,0,108,76,19,7,9,0,-1,-1,-1,-1,-1,-1,-1,-1
Al Bangura,Watford,16,0,0,0,0,0,0,0,20,1,5,1,0,4,8,0,405,25.31,0,6,-1,2,0,22,1,34,62,4,13,21,0,0,56,63,3,4,8,0,-1,-1,-1,-1,-1,-1,-1,-1
James Collins,West Ham United,16,0,0,0,0,0,-1,-1,-1,-1,-1,0,-1,8,6,0,451,28.19,0,0,-1,4,0,19,1,18,83,5,11,182,0,0,56,51,0,28,20,0,-1,-1,-1,-1,-1,-1,-1,-1
David Cotterill,Wigan Athletic,16,1,0.06,0,0,1,0,0,12,5,41.67,0,0,3,11,0,142,8.88,0,28,-1,3,0,14,0,16,88,1,6,5,0,0,47,63,17,1,4,0,-1,-1,-1,-1,-1,-1,-1,-1
Calum Davenport,Tottenham Hotspur,16,1,0.06,1,0,0,-1,-1,-1,-1,-1,0,-1,4,9,1,503,31.44,0,1,-1,2,0,16,0,26,81,0,9,141,0,0,82,39,0,37,15,0,-1,-1,-1,-1,-1,-1,-1,-1
Paul Dickov,Manchester City,16,0,0,0,0,0,0,0,15,5,33.33,0,0,5,8,2,211,13.19,0,19,-1,4,0,28,12,11,-1,3,3,0,0,-1,-1,-1,-1,-1,-1,-1,-1,-1,-1,-1,-1,-1,-1,-1
Robbie Fowler,Liverpool,16,3,0.19,0,0,3,3,0,20,9,45,0,0,8,3,2,184,11.5,0,5,-1,1,0,8,7,4,-1,2,2,1,0,-1,-1,-1,-1,-1,-1,-1,-1,-1,-1,-1,-1,-1,-1,-1
Paul Gallagher,Blackburn Rovers,16,1,0.06,0,1,0,0,0,6,2,33.33,0,0,7,6,0,121,7.56,0,23,-1,0,0,3,3,7,71,2,2,1,0,0,13,21,4,0,0,0,-1,-1,-1,-1,-1,-1,-1,-1
Dietmar Hamann,Manchester City,16,0,0,0,0,0,0,0,6,1,16.67,0,0,4,8,1,486,30.38,0,17,-1,5,0,15,0,26,88,2,11,19,0,0,55,39,3,2,3,0,-1,-1,-1,-1,-1,-1,-1,-1
Ishmael Miller,Manchester City,16,0,0,0,0,0,0,0,10,2,20,0,0,5,5,0,129,8.06,0,12,-1,1,0,6,3,6,-1,3,0,3,0,-1,-1,-1,-1,-1,-1,-1,-1,-1,-1,-1,-1,-1,-1,-1
Tamás Priskin,Watford,16,2,0.12,0,2,0,0,0,16,5,31.25,0,0,1,10,0,141,8.81,0,10,-1,1,1,26,23,13,-1,5,1,5,0,-1,-1,-1,-1,-1,-1,-1,-1,-1,-1,-1,-1,-1,-1,-1
Andy Reid,Charlton Athletic,16,2,0.12,0,0,2,0,0,32,15,46.88,0,0,3,10,0,597,37.31,0,87,-1,3,0,10,0,31,81,2,8,9,0,0,72,66,15,2,7,0,-1,-1,-1,-1,-1,-1,-1,-1
Mohamed Sissoko,Liverpool,16,0,0,0,0,0,0,0,16,0,0,0,0,6,8,0,618,38.62,0,4,-1,5,0,30,0,66,73,5,12,24,0,0,143,125,12,24,19,0,-1,-1,-1,-1,-1,-1,-1,-1
Idan Tal,Bolton Wanderers,16,0,0,0,0,0,0,0,6,2,33.33,1,0,6,5,3,188,11.75,0,39,-1,1,0,14,1,30,67,1,5,10,0,0,41,39,3,1,3,0,-1,-1,-1,-1,-1,-1,-1,-1
Ryan Taylor,Wigan Athletic,16,1,0.06,0,1,0,-1,-1,-1,-1,-1,0,-1,4,8,1,392,24.5,0,108,-1,5,0,18,1,36,81,6,13,48,0,0,56,60,5,4,3,0,-1,-1,-1,-1,-1,-1,-1,-1
Theo Walcott,Arsenal,16,0,0,0,0,0,0,0,14,3,21.43,1,0,8,4,3,192,12,0,43,-1,0,0,3,3,9,-1,5,3,4,0,-1,-1,-1,-1,-1,-1,-1,-1,-1,-1,-1,-1,-1,-1,-1
Boudewijn Zenden,Liverpool,16,0,0,0,0,0,0,0,18,2,11.11,1,0,7,5,1,370,23.12,0,29,-1,0,0,12,3,25,76,4,4,2,0,0,35,41,3,2,1,0,-1,-1,-1,-1,-1,-1,-1,-1
André Bikey,Reading (Loan),15,0,0,0,0,0,-1,-1,-1,-1,-1,0,-1,7,5,0,223,14.87,0,2,-1,1,1,21,0,36,81,1,8,70,0,0,71,37,1,16,5,0,-1,-1,-1,-1,-1,-1,-1,-1
Gary Naysmith,Everton,15,1,0.07,1,0,0,-1,-1,-1,-1,-1,0,-1,7,2,0,300,20,0,19,-1,0,0,9,1,34,79,2,4,55,0,0,49,31,1,4,6,0,-1,-1,-1,-1,-1,-1,-1,-1
Chris Powell,Watford,15,0,0,0,0,0,-1,-1,-1,-1,-1,0,-1,2,9,0,249,16.6,0,22,-1,0,1,9,0,22,68,0,8,27,0,0,35,30,4,4,2,0,-1,-1,-1,-1,-1,-1,-1,-1
Stephen Quinn,Sheffield United,15,2,0.13,0,1,1,0,1,31,10,32.26,1,0,4,8,2,432,28.8,0,43,-1,0,0,8,1,33,70,9,9,15,0,0,67,63,5,4,13,0,-1,-1,-1,-1,-1,-1,-1,-1
Claudio Reyna,Manchester City,15,0,0,0,0,0,0,0,8,2,25,0,0,4,6,0,451,30.07,0,14,-1,2,0,15,1,39,74,2,8,13,0,0,61,54,2,6,6,0,-1,-1,-1,-1,-1,-1,-1,-1
Kieran Richardson,Manchester United,15,1,0.07,0,0,1,-1,-1,-1,-1,-1,1,-1,10,2,0,310,20.67,0,23,-1,4,0,19,2,19,74,6,2,11,0,0,37,56,7,3,5,0,-1,-1,-1,-1,-1,-1,-1,-1
David Unsworth,Sheffield United,15,1,0.07,0,0,1,-1,-1,-1,-1,-1,0,-1,3,8,1,366,24.4,0,45,-1,2,0,15,0,24,67,0,3,84,0,0,45,29,0,12,8,0,-1,-1,-1,-1,-1,-1,-1,-1
Abel Xavier,Middlesbrough,14,1,0.07,1,0,0,-1,-1,-1,-1,-1,2,-1,4,6,0,440,31.43,0,7,-1,1,0,14,1,43,81,0,14,73,0,0,81,43,4,21,8,0,-1,-1,-1,-1,-1,-1,-1,-1
Christian Dailly,West Ham United,14,0,0,0,0,0,-1,-1,-1,-1,-1,0,-1,1,10,0,395,28.21,0,17,-1,1,0,20,1,17,88,2,1,60,0,0,58,53,6,21,20,0,-1,-1,-1,-1,-1,-1,-1,-1
Andreas Isaksson,Manchester City,14,0,0,-1,-1,-1,-1,-1,-1,-1,-1,-1,-1,3,8,0,219,15.64,-1,-1,-1,0,0,0,-1,-1,-1,-1,-1,-1,-1,-1,-1,-1,-1,-1,-1,0,26,1,7,17,10,0,32,130
Radostin Kishishev,Charlton Athletic,14,0,0,0,0,0,0,0,3,0,0,0,0,4,8,0,302,21.57,0,21,-1,1,0,13,0,25,76,1,6,20,0,0,39,52,3,3,7,0,-1,-1,-1,-1,-1,-1,-1,-1
Martin Laursen,Aston Villa,14,0,0,0,0,0,-1,-1,-1,-1,-1,0,-1,5,0,1,458,32.71,0,1,-1,0,0,9,0,23,83,2,10,94,0,0,103,33,0,47,14,0,-1,-1,-1,-1,-1,-1,-1,-1
Malky Mackay,Watford,14,0,0,0,0,0,-1,-1,-1,-1,-1,1,-1,2,7,0,298,21.29,0,3,-1,3,0,30,1,19,84,0,8,110,0,0,56,47,0,21,13,0,-1,-1,-1,-1,-1,-1,-1,-1
Park Ji-Sung,Manchester United,14,5,0.36,1,4,0,0,0,21,8,38.1,2,0,12,1,2,296,21.14,0,26,-1,0,0,6,3,26,77,3,1,4,0,0,58,66,9,3,8,0,-1,-1,-1,-1,-1,-1,-1,-1
Nuno Valente,Everton,14,0,0,0,0,0,-1,-1,-1,-1,-1,0,-1,5,4,0,345,24.64,0,30,-1,1,0,9,0,25,60,1,13,44,0,0,52,33,2,14,2,0,-1,-1,-1,-1,-1,-1,-1,-1
Christopher Samba,Blackburn Rovers,14,2,0.14,2,0,0,-1,-1,-1,-1,-1,1,-1,6,5,1,383,27.36,0,0,-1,3,0,17,0,41,66,1,21,85,0,0,74,33,0,17,10,0,-1,-1,-1,-1,-1,-1,-1,-1
Philippe Senderos,Arsenal,14,0,0,0,0,0,-1,-1,-1,-1,-1,0,-1,7,3,0,301,21.5,0,0,-1,2,2,9,0,21,81,0,5,80,0,0,37,26,1,9,11,0,-1,-1,-1,-1,-1,-1,-1,-1
Mikaël Silvestre,Manchester United,14,1,0.07,0,0,1,-1,-1,-1,-1,-1,0,-1,13,1,1,315,22.5,0,6,-1,0,0,7,0,22,82,0,5,45,0,0,46,24,2,18,12,0,-1,-1,-1,-1,-1,-1,-1,-1
Alexandre Song,Arsenal,14,0,0,0,0,0,0,0,6,1,16.67,1,0,4,5,1,515,36.79,0,3,-1,4,0,21,0,47,87,1,12,26,0,0,72,67,4,6,5,0,-1,-1,-1,-1,-1,-1,-1,-1
Jon Stead,Sheffield United,14,5,0.36,1,2,2,0,0,32,13,40.62,0,0,4,7,0,252,18,0,26,-1,2,0,20,20,20,-1,5,0,4,0,-1,-1,-1,-1,-1,-1,-1,-1,-1,-1,-1,-1,-1,-1,-1
James Vaughan,Everton,14,4,0.29,0,2,2,0,0,26,9,34.62,2,0,5,4,0,178,12.71,0,9,-1,5,0,26,4,15,-1,4,0,10,0,-1,-1,-1,-1,-1,-1,-1,-1,-1,-1,-1,-1,-1,-1,-1
Stephen Warnock,Liverpool,14,1,0.07,0,0,1,-1,-1,-1,-1,-1,0,-1,6,5,2,501,35.79,0,18,-1,2,1,13,0,43,77,1,16,43,0,0,79,46,13,4,4,0,-1,-1,-1,-1,-1,-1,-1,-1
Phil Bardsley,Manchester United,13,0,0,0,0,0,-1,-1,-1,-1,-1,0,-1,5,3,1,417,32.08,0,41,-1,1,0,14,0,39,85,0,7,40,0,0,52,32,0,4,5,0,-1,-1,-1,-1,-1,-1,-1,-1
Patrik Berger,Aston Villa,13,2,0.15,0,0,2,0,0,17,4,23.53,0,0,4,3,2,274,21.08,0,54,-1,0,0,9,3,15,73,3,1,0,0,0,26,30,3,3,0,0,-1,-1,-1,-1,-1,-1,-1,-1
Khalid Boulahrouz,Chelsea,13,0,0,0,0,0,-1,-1,-1,-1,-1,0,-1,9,1,0,394,30.31,0,4,-1,2,1,12,0,43,79,0,10,53,0,0,52,46,2,2,9,0,-1,-1,-1,-1,-1,-1,-1,-1
Malcolm Christie,Middlesbrough,13,1,0.08,0,1,0,0,0,7,3,42.86,0,0,4,6,0,62,4.77,0,3,-1,1,0,4,2,4,-1,0,1,1,0,-1,-1,-1,-1,-1,-1,-1,-1,-1,-1,-1,-1,-1,-1,-1
Joe Cole,Chelsea,13,0,0,0,0,0,0,0,13,1,7.69,0,0,7,0,0,201,15.46,0,22,-1,3,0,8,3,12,75,5,4,1,0,0,27,45,4,1,3,0,-1,-1,-1,-1,-1,-1,-1,-1
Ousmane Dabo,Manchester City,13,0,0,0,0,0,0,0,10,2,20,0,0,4,8,0,461,35.46,0,22,-1,3,1,19,0,34,74,3,10,14,0,0,55,43,4,9,2,0,-1,-1,-1,-1,-1,-1,-1,-1
Caleb Folan,Wigan Athletic,13,2,0.15,1,1,0,0,0,13,5,38.46,1,0,4,5,0,206,15.85,0,14,-1,2,0,23,6,8,-1,2,1,0,0,-1,-1,-1,-1,-1,-1,-1,-1,-1,-1,-1,-1,-1,-1,-1
Craig Gardner,Aston Villa,13,2,0.15,0,2,0,0,0,23,8,34.78,1,0,4,4,0,269,20.69,0,14,-1,1,0,18,6,27,85,3,2,11,0,0,45,40,4,2,8,0,-1,-1,-1,-1,-1,-1,-1,-1
Tony Hibbert,Everton,13,0,0,0,0,0,-1,-1,-1,-1,-1,0,-1,3,4,0,358,27.54,0,21,-1,0,1,11,0,34,76,1,17,57,0,0,43,32,2,1,5,0,-1,-1,-1,-1,-1,-1,-1,-1
Stephen Jordan,Manchester City,13,0,0,0,0,0,-1,-1,-1,-1,-1,0,-1,5,6,0,409,31.46,0,21,-1,2,0,19,1,40,83,3,4,34,0,0,56,37,3,6,4,0,-1,-1,-1,-1,-1,-1,-1,-1
Marlon King,Watford,13,4,0.31,1,3,0,1,0,36,9,25,3,0,1,6,1,253,19.46,0,58,-1,0,0,21,26,7,-1,9,2,3,0,-1,-1,-1,-1,-1,-1,-1,-1,-1,-1,-1,-1,-1,-1,-1
Dave Kitson,Reading,13,2,0.15,0,0,2,0,0,17,4,23.53,1,0,7,5,2,181,13.92,0,7,-1,3,0,17,3,13,-1,1,2,5,0,-1,-1,-1,-1,-1,-1,-1,-1,-1,-1,-1,-1,-1,-1,-1
Luke Moore,Aston Villa,13,4,0.31,0,3,1,0,0,14,7,50,0,0,6,0,0,143,11,0,4,-1,0,0,3,16,8,-1,1,3,3,0,-1,-1,-1,-1,-1,-1,-1,-1,-1,-1,-1,-1,-1,-1,-1
Sun Jihai,Manchester City,13,0,0,0,0,0,-1,-1,-1,-1,-1,0,-1,3,7,0,359,27.62,0,34,-1,1,0,15,0,31,74,1,6,24,0,0,56,42,6,8,4,0,-1,-1,-1,-1,-1,-1,-1,-1
Abou Diaby,Arsenal,12,1,0.08,0,1,0,0,0,8,2,25,0,0,5,3,0,401,33.42,0,6,-1,2,0,18,1,38,71,1,2,24,0,0,82,82,25,9,5,0,-1,-1,-1,-1,-1,-1,-1,-1
Shola Ameobi,Newcastle United,12,3,0.25,0,3,0,1,0,20,7,35,0,0,2,7,1,203,16.92,0,3,-1,1,0,29,10,12,-1,8,3,6,0,-1,-1,-1,-1,-1,-1,-1,-1,-1,-1,-1,-1,-1,-1,-1
Celestine Babayaro,Newcastle United,12,0,0,0,0,0,-1,-1,-1,-1,-1,0,-1,6,5,0,457,38.08,0,4,-1,5,0,15,0,31,77,0,13,39,0,0,62,54,5,11,9,0,-1,-1,-1,-1,-1,-1,-1,-1
Michael Ball,Manchester City,12,0,0,0,0,0,-1,-1,-1,-1,-1,0,-1,3,6,0,354,29.5,0,27,-1,1,0,16,0,38,76,2,3,44,0,0,51,37,4,2,5,0,-1,-1,-1,-1,-1,-1,-1,-1
Roy Carroll,West Ham United,12,0,0,-1,-1,-1,-1,-1,-1,-1,-1,-1,-1,1,7,0,258,21.5,-1,-1,-1,2,0,0,-1,-1,-1,-1,-1,-1,-1,-1,-1,-1,-1,-1,-1,0,37,0,6,13,18,0,57,137
James Chambers,Watford,12,0,0,0,0,0,-1,-1,-1,-1,-1,0,-1,1,9,0,188,15.67,0,2,-1,1,0,10,0,33,79,1,2,44,0,0,43,38,1,6,9,0,-1,-1,-1,-1,-1,-1,-1,-1
Stéphane Henchoz,Blackburn Rovers,12,0,0,0,0,0,-1,-1,-1,-1,-1,0,-1,5,6,1,328,27.33,0,1,-1,4,1,19,0,32,94,1,7,58,0,0,49,32,2,7,6,0,-1,-1,-1,-1,-1,-1,-1,-1
Robert Huth,Chelsea,12,1,0.08,0,1,0,-1,-1,-1,-1,-1,0,-1,4,6,0,220,18.33,0,0,-1,3,0,14,1,16,75,3,14,80,0,0,56,30,1,26,11,0,-1,-1,-1,-1,-1,-1,-1,-1
Claus Jensen,Fulham,12,2,0.17,0,2,0,0,0,15,4,26.67,0,0,3,6,3,389,32.42,0,56,-1,0,0,3,1,10,80,4,6,3,0,0,33,37,11,4,5,0,-1,-1,-1,-1,-1,-1,-1,-1
Andreas Johansson,Wigan Athletic,12,0,0,0,0,0,0,0,6,2,33.33,0,0,3,7,1,138,11.5,0,6,-1,0,0,9,0,4,50,0,3,4,0,0,10,34,1,3,9,0,-1,-1,-1,-1,-1,-1,-1,-1
Adam Johnson,Middlesbrough,12,0,0,0,0,0,0,0,9,2,22.22,0,0,3,8,1,81,6.75,0,21,-1,1,0,6,1,3,33,1,2,1,0,0,15,23,4,1,1,0,-1,-1,-1,-1,-1,-1,-1,-1
Javier Mascherano,West Ham United,12,0,0,0,0,0,-1,-1,-1,-1,-1,1,-1,4,5,0,531,44.25,0,2,-1,2,0,20,0,63,81,2,16,18,0,0,74,58,1,2,5,0,-1,-1,-1,-1,-1,-1,-1,-1
Mido,Tottenham Hotspur,12,1,0.08,0,0,1,0,0,21,6,28.57,2,0,4,6,0,228,19,0,18,-1,4,0,18,11,6,-1,4,0,15,0,-1,-1,-1,-1,-1,-1,-1,-1,-1,-1,-1,-1,-1,-1,-1
Danny Murphy,Tottenham Hotspur,12,1,0.08,0,1,0,0,0,8,3,37.5,0,0,4,4,1,281,23.42,0,24,-1,1,0,7,0,18,72,1,5,14,0,0,32,42,6,3,4,0,-1,-1,-1,-1,-1,-1,-1,-1
Ryan Nelsen,Blackburn Rovers,12,0,0,0,0,0,-1,-1,-1,-1,-1,0,-1,5,4,0,415,34.58,0,0,-1,0,0,12,0,27,78,1,12,90,0,0,50,30,0,15,10,0,-1,-1,-1,-1,-1,-1,-1,-1
Gary Teale,Wigan Athletic,12,0,0,0,0,0,0,0,5,0,0,0,0,3,6,0,137,11.42,0,41,-1,0,0,8,1,16,81,1,1,6,0,0,21,34,2,0,0,0,-1,-1,-1,-1,-1,-1,-1,-1
David Wright,Wigan Athletic,12,0,0,0,0,0,-1,-1,-1,-1,-1,0,-1,2,7,0,212,17.67,0,12,-1,1,0,7,0,14,71,0,3,27,0,0,23,21,0,3,1,0,-1,-1,-1,-1,-1,-1,-1,-1
Zheng Zhi,Charlton Athletic (Loan),12,1,0.08,1,0,0,0,0,15,4,26.67,1,0,3,4,0,278,23.17,0,19,-1,1,0,11,3,23,78,2,5,14,0,0,44,69,6,4,9,0,-1,-1,-1,-1,-1,-1,-1,-1
Jérémie Aliadière,Arsenal,11,0,0,0,0,0,0,0,14,4,28.57,0,0,4,3,0,123,11.18,0,10,-1,0,0,6,4,6,-1,2,1,5,0,-1,-1,-1,-1,-1,-1,-1,-1,-1,-1,-1,-1,-1,-1,-1
John Carew,Aston Villa,11,3,0.27,1,2,0,0,0,42,12,28.57,1,0,3,3,2,320,29.09,0,17,-1,2,0,24,31,14,-1,10,0,5,0,-1,-1,-1,-1,-1,-1,-1,-1,-1,-1,-1,-1,-1,-1,-1
David Dunn,Blackburn Rovers,11,0,0,0,0,0,0,0,9,2,22.22,0,0,5,4,0,223,20.27,0,4,-1,3,0,14,1,10,60,2,1,7,0,0,23,40,2,1,1,0,-1,-1,-1,-1,-1,-1,-1,-1
Michael Gray,Blackburn Rovers,11,0,0,0,0,0,-1,-1,-1,-1,-1,0,-1,3,6,0,441,40.09,0,32,-1,0,0,11,0,35,80,0,6,34,0,0,50,46,2,5,3,0,-1,-1,-1,-1,-1,-1,-1,-1
Paul Huntington,Newcastle United,11,1,0.09,0,1,0,-1,-1,-1,-1,-1,0,-1,5,4,0,297,27,0,4,-1,4,0,14,0,20,95,0,7,56,0,0,34,27,1,7,3,0,-1,-1,-1,-1,-1,-1,-1,-1
Henrique Hilário,Chelsea,11,0,0,-1,-1,-1,-1,-1,-1,-1,-1,-1,-1,6,1,0,168,15.27,-1,-1,-1,0,0,0,-1,-1,-1,-1,-1,-1,-1,-1,-1,-1,-1,-1,-1,0,12,1,4,13,7,0,35,91
Oguchi Onyewu,Newcastle United (Loan),11,0,0,0,0,0,-1,-1,-1,-1,-1,0,-1,2,6,0,296,26.91,0,2,-1,0,0,11,0,21,86,3,10,47,0,0,47,23,0,13,7,0,-1,-1,-1,-1,-1,-1,-1,-1
Isaiah Osbourne,Aston Villa,11,0,0,0,0,0,0,0,6,1,16.67,0,0,1,4,1,221,20.09,0,3,-1,1,0,11,0,28,75,0,4,15,0,0,35,33,2,1,6,0,-1,-1,-1,-1,-1,-1,-1,-1
Giuseppe Rossi,Manchester United,11,0,0,0,0,0,0,0,13,4,30.77,1,0,3,6,0,116,10.55,0,3,-1,1,0,11,2,10,-1,5,2,3,0,-1,-1,-1,-1,-1,-1,-1,-1,-1,-1,-1,-1,-1,-1,-1
Lauren,Arsenal,10,0,0,0,0,0,-1,-1,-1,-1,-1,0,-1,4,3,1,286,28.6,0,22,-1,1,0,18,1,21,81,1,6,22,0,0,29,48,2,2,5,0,-1,-1,-1,-1,-1,-1,-1,-1
Clint Dempsey,Fulham,10,1,0.1,0,1,0,0,0,5,1,20,0,0,2,6,0,82,8.2,0,8,-1,0,0,7,4,8,-1,2,0,2,0,-1,-1,-1,-1,-1,-1,-1,-1,-1,-1,-1,-1,-1,-1,-1
Lassana Diarra,Chelsea,10,0,0,0,0,0,0,0,6,1,16.67,0,0,7,0,0,268,26.8,0,20,-1,3,0,19,0,25,88,2,3,17,0,0,42,41,6,3,4,0,-1,-1,-1,-1,-1,-1,-1,-1
John Filan,Wigan Athletic,10,0,0,-1,-1,-1,-1,-1,-1,-1,-1,-1,-1,2,4,0,244,24.4,-1,-1,-1,3,0,1,-1,-1,-1,-1,-1,-1,-1,-1,-1,-1,-1,-1,-1,0,31,1,13,17,15,0,8,88
Francis Jeffers,Blackburn Rovers,10,0,0,0,0,0,0,0,10,0,0,0,0,2,5,1,100,10,0,5,-1,1,0,2,5,2,-1,4,0,0,0,-1,-1,-1,-1,-1,-1,-1,-1,-1,-1,-1,-1,-1,-1,-1
Michael Johnson,Manchester City,10,0,0,0,0,0,0,0,4,0,0,0,0,3,4,2,349,34.9,0,21,-1,1,0,13,0,16,88,1,4,18,0,0,35,49,3,1,6,0,-1,-1,-1,-1,-1,-1,-1,-1
Richard Lee,Watford,10,0,0,-1,-1,-1,-1,-1,-1,-1,-1,-1,-1,1,6,0,239,23.9,-1,-1,-1,0,0,0,-1,-1,-1,-1,-1,-1,-1,-1,-1,-1,-1,-1,-1,0,33,0,6,12,15,0,7,105
Vincenzo Montella,Fulham (Loan),10,2,0.2,0,0,1,1,0,9,2,22.22,0,0,2,4,0,63,6.3,0,4,-1,0,0,3,9,2,-1,4,1,0,0,-1,-1,-1,-1,-1,-1,-1,-1,-1,-1,-1,-1,-1,-1,-1
Emile Mpenza,Manchester City,10,3,0.3,1,1,1,0,0,23,9,39.13,1,0,3,5,1,225,22.5,0,11,-1,1,0,8,13,10,-1,3,1,3,0,-1,-1,-1,-1,-1,-1,-1,-1,-1,-1,-1,-1,-1,-1,-1
Mark Noble,West Ham United,10,2,0.2,0,2,0,0,0,8,4,50,0,0,7,3,0,404,40.4,0,3,-1,2,0,6,0,26,77,1,10,11,0,0,39,34,0,4,4,0,-1,-1,-1,-1,-1,-1,-1,-1
Denilson,Arsenal,10,0,0,0,0,0,0,0,4,0,0,0,0,5,3,1,304,30.4,0,20,-1,0,0,4,0,17,76,2,5,7,0,0,27,36,3,0,7,0,-1,-1,-1,-1,-1,-1,-1,-1
Álvaro Arbeloa,Liverpool,9,1,0.11,0,1,0,-1,-1,-1,-1,-1,0,-1,4,3,1,308,34.22,0,9,-1,1,0,9,1,25,76,0,4,16,0,0,34,21,2,1,4,0,-1,-1,-1,-1,-1,-1,-1,-1
Ricardo Rocha,Tottenham Hotspur,9,0,0,0,0,0,-1,-1,-1,-1,-1,0,-1,5,2,0,259,28.78,0,0,-1,2,0,9,0,23,65,1,10,86,0,0,44,21,1,18,4,0,-1,-1,-1,-1,-1,-1,-1,-1
Bobby Convey,Reading,9,0,0,0,0,0,0,0,7,2,28.57,0,0,5,3,3,175,19.44,0,49,-1,0,0,3,2,15,73,2,5,2,0,0,29,44,6,0,1,0,-1,-1,-1,-1,-1,-1,-1,-1
Edgar Davids,Tottenham Hotspur,9,0,0,0,0,0,0,0,7,1,14.29,0,0,2,4,1,242,26.89,0,8,-1,1,0,14,2,20,80,3,3,7,0,0,37,39,7,1,2,0,-1,-1,-1,-1,-1,-1,-1,-1
Ulises de la Cruz,Aston Villa,9,1,0.11,0,1,0,-1,-1,-1,-1,-1,0,-1,5,1,1,288,32,0,25,-1,0,0,6,0,32,84,1,6,43,0,0,44,33,5,3,2,0,-1,-1,-1,-1,-1,-1,-1,-1
Will Hoskins,Watford,9,0,0,0,0,0,0,0,7,2,28.57,0,0,2,5,0,85,9.44,0,2,-1,0,0,3,1,5,-1,2,1,1,0,-1,-1,-1,-1,-1,-1,-1,-1,-1,-1,-1,-1,-1,-1,-1
Lee Dong-Gook,Middlesbrough,9,0,0,0,0,0,0,0,9,0,0,1,0,4,3,0,70,7.78,0,3,-1,0,0,8,3,1,-1,1,0,0,0,-1,-1,-1,-1,-1,-1,-1,-1,-1,-1,-1,-1,-1,-1,-1
Sergio Peter,Blackburn Rovers,9,0,0,0,0,0,0,0,3,0,0,0,0,1,7,0,76,8.44,0,25,-1,2,0,5,0,10,90,1,2,2,0,0,18,20,4,1,1,0,-1,-1,-1,-1,-1,-1,-1,-1
Osei Sankofa,Charlton Athletic,9,0,0,0,0,0,-1,-1,-1,-1,-1,0,-1,2,4,0,233,25.89,0,16,-1,2,1,8,0,23,96,0,13,67,0,0,41,31,4,5,0,0,-1,-1,-1,-1,-1,-1,-1,-1
Alan Smith,Manchester United,9,0,0,0,0,0,0,0,7,3,42.86,0,0,5,2,1,184,20.44,0,2,-1,1,0,18,6,9,56,1,0,13,0,0,21,50,1,3,12,0,-1,-1,-1,-1,-1,-1,-1,-1
Andrew Todd,Blackburn Rovers,9,0,0,0,0,0,-1,-1,-1,-1,-1,0,-1,4,4,0,227,25.22,0,2,-1,2,0,7,0,12,75,0,4,42,0,0,25,18,1,4,7,0,-1,-1,-1,-1,-1,-1,-1,-1
Svetoslav Todorov,Portsmouth,9,2,0.22,0,2,0,0,0,9,6,66.67,0,0,2,5,0,87,9.67,0,0,-1,1,0,12,7,3,-1,1,0,0,0,-1,-1,-1,-1,-1,-1,-1,-1,-1,-1,-1,-1,-1,-1,-1
Kepa,West Ham United (Loan),8,1,0.12,0,1,0,0,0,6,2,33.33,0,0,2,6,0,40,5,0,1,-1,0,0,4,3,0,-1,0,0,3,0,-1,-1,-1,-1,-1,-1,-1,-1,-1,-1,-1,-1,-1,-1,-1
Carlo Cudicini,Chelsea,8,0,0,-1,-1,-1,-1,-1,-1,-1,-1,-1,-1,5,1,0,151,18.88,-1,-1,-1,0,0,0,-1,-1,-1,-1,-1,-1,-1,-1,-1,-1,-1,-1,-1,0,8,0,5,11,3,0,37,67
Michael Duberry,Reading,8,0,0,0,0,0,-1,-1,-1,-1,-1,0,-1,2,4,0,168,21,0,1,-1,1,0,6,1,18,78,1,5,40,0,0,42,11,1,16,1,0,-1,-1,-1,-1,-1,-1,-1,-1
Jonathan Fortune,Charlton Athletic,8,0,0,0,0,0,-1,-1,-1,-1,-1,0,-1,0,7,0,173,21.62,0,2,-1,3,0,7,0,17,88,0,8,52,0,0,34,15,0,10,4,0,-1,-1,-1,-1,-1,-1,-1,-1
Anthony Gardner,Tottenham Hotspur,8,0,0,0,0,0,-1,-1,-1,-1,-1,0,-1,4,1,0,251,31.38,0,1,-1,1,0,9,0,21,76,0,4,42,0,0,46,20,1,16,4,0,-1,-1,-1,-1,-1,-1,-1,-1
Jan Lastuvka,Fulham (Loan),8,0,0,-1,-1,-1,-1,-1,-1,-1,-1,-1,-1,1,4,0,146,18.25,-1,-1,-1,0,0,0,-1,-1,-1,-1,-1,-1,-1,-1,-1,-1,-1,-1,-1,0,24,1,6,8,15,0,20,81
Kevin Lisbie,Charlton Athletic,8,0,0,0,0,0,0,0,6,2,33.33,0,0,1,4,0,53,6.62,0,4,-1,1,0,3,0,3,-1,1,0,3,0,-1,-1,-1,-1,-1,-1,-1,-1,-1,-1,-1,-1,-1,-1,-1
Chris Lucketti,Sheffield United,8,0,0,0,0,0,-1,-1,-1,-1,-1,0,-1,2,5,0,151,18.88,0,1,-1,1,0,12,0,10,90,1,3,73,0,0,37,27,0,16,8,0,-1,-1,-1,-1,-1,-1,-1,-1
Shaun Maloney,Aston Villa,8,1,0.12,0,1,0,0,1,17,4,23.53,0,0,3,1,0,149,18.62,0,20,-1,0,0,4,3,5,80,3,1,0,0,0,23,24,4,1,0,0,-1,-1,-1,-1,-1,-1,-1,-1
Chris Sutton,Aston Villa,8,1,0.12,1,0,0,0,0,12,3,25,1,0,2,3,2,238,29.75,0,5,-1,2,0,22,1,6,-1,5,2,8,0,-1,-1,-1,-1,-1,-1,-1,-1,-1,-1,-1,-1,-1,-1,-1
Andy van der Meijde,Everton,8,0,0,0,0,0,0,0,10,1,10,0,0,3,3,0,125,15.62,0,31,-1,1,0,5,1,5,100,4,1,2,0,0,27,19,13,1,3,0,-1,-1,-1,-1,-1,-1,-1,-1
Henrik Larsson,Manchester United,7,1,0.14,0,1,0,0,0,8,5,62.5,0,0,6,1,0,173,24.71,0,2,-1,1,0,7,3,9,-1,1,1,1,0,-1,-1,-1,-1,-1,-1,-1,-1,-1,-1,-1,-1,-1,-1,-1
Albert Luque,Newcastle United,7,0,0,0,0,0,0,0,1,1,100,0,0,2,4,0,29,4.14,0,2,-1,1,0,4,3,2,-1,0,0,0,0,-1,-1,-1,-1,-1,-1,-1,-1,-1,-1,-1,-1,-1,-1,-1
Massimo Maccarone,Middlesbrough,7,1,0.14,0,1,0,0,0,5,1,20,2,0,2,3,0,44,6.29,0,3,-1,2,0,7,5,4,-1,1,0,0,0,-1,-1,-1,-1,-1,-1,-1,-1,-1,-1,-1,-1,-1,-1,-1
Anthony McNamee,Watford,7,0,0,0,0,0,0,0,7,1,14.29,0,0,0,6,0,56,8,0,26,-1,0,0,4,1,6,67,3,2,4,0,0,11,21,1,0,1,0,-1,-1,-1,-1,-1,-1,-1,-1
Gaizka Mendieta,Middlesbrough,7,0,0,0,0,0,0,0,13,4,30.77,0,0,1,4,0,113,16.14,0,12,-1,0,0,5,0,10,70,0,0,3,0,0,18,23,3,1,2,0,-1,-1,-1,-1,-1,-1,-1,-1
Arnold Mvuemba,Portsmouth (Loan),7,1,0.14,0,1,0,0,0,4,2,50,0,0,0,3,0,113,16.14,0,0,-1,1,0,8,1,5,60,1,1,1,0,0,5,18,0,0,0,0,-1,-1,-1,-1,-1,-1,-1,-1
Matty Pattison,Newcastle United,7,0,0,0,0,0,0,0,2,0,0,0,0,2,3,0,123,17.57,0,3,-1,0,0,1,0,13,77,0,7,8,0,0,19,10,1,2,0,0,-1,-1,-1,-1,-1,-1,-1,-1
Nigel Quashie,West Ham United,7,0,0,0,0,0,0,0,11,4,36.36,0,0,0,5,0,305,43.57,0,8,-1,2,0,19,0,20,85,4,2,9,0,0,32,45,3,2,0,0,-1,-1,-1,-1,-1,-1,-1,-1
Lloyd Sam,Charlton Athletic,7,0,0,0,0,0,0,0,3,0,0,0,0,1,5,0,101,14.43,0,19,-1,1,0,6,5,4,75,1,3,0,0,0,10,25,2,0,1,0,-1,-1,-1,-1,-1,-1,-1,-1
Aleksey Smertin,Fulham,7,0,0,0,0,0,0,0,8,3,37.5,0,0,0,4,1,224,32,0,2,-1,0,0,7,0,11,91,1,3,7,0,0,27,18,4,2,1,0,-1,-1,-1,-1,-1,-1,-1,-1
Julius Aghahowa,Wigan Athletic,6,0,0,0,0,0,0,0,4,1,25,0,0,2,4,0,70,11.67,0,1,-1,0,0,4,4,2,-1,0,3,0,0,-1,-1,-1,-1,-1,-1,-1,-1,-1,-1,-1,-1,-1,-1,-1
Quinton Fortune,Bolton Wanderers,6,0,0,0,0,0,0,0,1,0,0,0,0,4,0,0,141,23.5,0,7,-1,3,0,7,0,13,46,0,5,24,0,0,22,17,1,4,0,0,-1,-1,-1,-1,-1,-1,-1,-1
Matthew Kilgallon,Sheffield United,6,0,0,0,0,0,-1,-1,-1,-1,-1,0,-1,1,4,0,128,21.33,0,5,-1,0,0,6,0,17,76,0,4,36,0,0,29,15,0,4,1,0,-1,-1,-1,-1,-1,-1,-1,-1
Tomasz Kuszczak,Manchester United (Loan),6,0,0,-1,-1,-1,-1,-1,-1,-1,-1,-1,-1,4,1,0,109,18.17,-1,-1,-1,0,0,1,-1,-1,-1,-1,-1,-1,-1,-1,-1,-1,-1,-1,-1,0,16,1,4,3,7,0,42,60
Chris Riggott,Middlesbrough,6,0,0,0,0,0,-1,-1,-1,-1,-1,0,-1,2,4,0,184,30.67,0,0,-1,1,0,10,0,7,57,0,1,27,0,0,24,22,0,12,4,0,-1,-1,-1,-1,-1,-1,-1,-1
Matthew Spring,Watford,6,0,0,0,0,0,0,0,2,1,50,0,0,0,3,0,75,12.5,0,4,-1,0,0,6,0,5,80,1,3,7,0,0,10,18,0,4,3,0,-1,-1,-1,-1,-1,-1,-1,-1
Paul Stalteri,Tottenham Hotspur,6,1,0.17,0,1,0,-1,-1,-1,-1,-1,0,-1,4,1,0,73,12.17,0,2,-1,1,0,1,0,8,100,0,0,9,0,0,11,5,0,0,0,0,-1,-1,-1,-1,-1,-1,-1,-1
Stuart Taylor,Aston Villa,6,0,0,-1,-1,-1,-1,-1,-1,-1,-1,-1,-1,0,1,0,83,13.83,-1,-1,-1,0,0,0,-1,-1,-1,-1,-1,-1,-1,-1,-1,-1,-1,-1,-1,0,19,0,2,6,8,0,7,54
Didier Agathe,5,0,0,0,0,0,0,0,0,0,0,0,0,1,1,0,50,10,0,10,-1,0,0,0,1,8,75,0,0,4,0,0,16,16,5,0,0,0,-1,-1,-1,-1,-1,-1,-1,-1,
Madjid Bougherra,5,0,0,0,0,0,-1,-1,-1,-1,-1,0,-1,0,3,0,55,11,0,0,-1,1,0,2,0,3,67,0,0,10,0,0,5,7,0,0,2,0,-1,-1,-1,-1,-1,-1,-1,-1,
Gábor Király,5,0,0,-1,-1,-1,-1,-1,-1,-1,-1,-1,-1,0,4,0,82,16.4,-1,-1,-1,0,0,0,-1,-1,-1,-1,-1,-1,-1,-1,-1,-1,-1,-1,-1,0,14,0,2,5,8,0,16,52,
Tyrone Mears,5,0,0,0,0,0,-1,-1,-1,-1,-1,0,-1,1,3,0,106,21.2,0,16,-1,1,0,3,0,10,70,0,1,5,0,0,16,15,2,2,1,0,-1,-1,-1,-1,-1,-1,-1,-1,
John Pantsil,5,0,0,0,0,0,-1,-1,-1,-1,-1,0,-1,1,3,0,148,29.6,0,19,-1,1,0,5,0,9,89,0,2,11,0,0,23,14,4,4,3,0,-1,-1,-1,-1,-1,-1,-1,-1,
David Sommeil,5,0,0,0,0,0,-1,-1,-1,-1,-1,0,-1,0,4,0,85,17,0,9,-1,1,0,6,0,6,83,0,0,10,0,0,10,14,1,3,2,0,-1,-1,-1,-1,-1,-1,-1,-1,
David Weir,5,0,0,0,0,0,-1,-1,-1,-1,-1,0,-1,3,1,0,72,14.4,0,0,-1,0,0,3,0,3,67,0,0,16,0,0,6,5,0,1,1,0,-1,-1,-1,-1,-1,-1,-1,-1,
Lee Williamson,5,0,0,0,0,0,0,0,7,2,28.57,0,0,1,3,1,74,14.8,0,12,-1,1,0,5,0,3,100,2,2,0,0,0,6,16,1,0,2,0,-1,-1,-1,-1,-1,-1,-1,-1,
Jimmy Bullard,4,2,0.5,0,2,0,1,1,12,7,58.33,1,0,2,1,1,188,47,0,24,-1,1,0,4,0,3,100,2,1,5,0,0,14,19,3,1,5,0,-1,-1,-1,-1,-1,-1,-1,-1,
Clarke Carlisle,4,0,0,0,0,0,-1,-1,-1,-1,-1,0,-1,1,2,0,102,25.5,0,0,-1,2,0,7,0,5,80,0,2,15,0,0,13,10,0,4,1,0,-1,-1,-1,-1,-1,-1,-1,-1,
Andy Carroll,4,0,0,0,0,0,0,0,3,1,33.33,0,0,0,2,0,44,11,0,1,-1,0,0,2,0,0,-1,0,0,0,0,-1,-1,-1,-1,-1,-1,-1,-1,-1,-1,-1,-1,-1,-1,-1,
Nicky Law,4,0,0,0,0,0,0,0,3,0,0,0,0,1,2,0,42,10.5,0,3,-1,0,0,2,0,0,0,1,2,2,0,0,7,7,0,0,1,0,-1,-1,-1,-1,-1,-1,-1,-1,
Jay McEveley,4,0,0,0,0,0,-1,-1,-1,-1,-1,0,-1,2,2,0,104,26,0,7,-1,2,0,4,0,13,85,1,0,16,0,0,20,10,2,3,1,0,-1,-1,-1,-1,-1,-1,-1,-1,
Lubomir Michalik,4,1,0.25,0,1,0,-1,-1,-1,-1,-1,0,-1,0,2,0,79,19.75,0,0,-1,1,0,4,0,8,63,1,0,24,0,0,15,7,0,2,2,0,-1,-1,-1,-1,-1,-1,-1,-1,
Jlloyd Samuel,4,0,0,0,0,0,-1,-1,-1,-1,-1,0,-1,2,1,0,78,19.5,0,7,-1,1,0,3,0,6,67,0,0,6,0,0,13,19,3,3,1,0,-1,-1,-1,-1,-1,-1,-1,-1,
Luton Shelton,4,0,0,0,0,0,0,0,7,0,0,0,0,0,3,0,44,11,0,4,-1,1,0,3,0,5,-1,0,2,0,0,-1,-1,-1,-1,-1,-1,-1,-1,-1,-1,-1,-1,-1,-1,-1,
Andy Webster,4,0,0,0,0,0,-1,-1,-1,-1,-1,0,-1,4,0,0,84,21,0,0,-1,1,0,4,0,3,67,0,1,16,0,0,7,9,0,3,1,0,-1,-1,-1,-1,-1,-1,-1,-1,
Ahmed Fathy,3,0,0,0,0,0,-1,-1,-1,-1,-1,0,-1,1,1,0,53,17.67,0,3,-1,0,0,6,1,8,75,0,0,2,0,0,12,21,2,0,5,0,-1,-1,-1,-1,-1,-1,-1,-1,
Ade Akinbiyi,3,0,0,0,0,0,0,0,1,0,0,0,0,0,2,0,45,15,0,1,-1,0,0,2,0,1,-1,1,0,1,0,-1,-1,-1,-1,-1,-1,-1,-1,-1,-1,-1,-1,-1,-1,-1,
Johan Cavalli,3,0,0,0,0,0,0,0,3,0,0,0,0,1,0,0,29,9.67,0,7,-1,0,0,5,0,7,86,0,1,3,0,0,11,9,0,0,0,0,-1,-1,-1,-1,-1,-1,-1,-1,
David Edgar,3,1,0.33,0,1,0,-1,-1,-1,-1,-1,0,-1,0,1,0,89,29.67,0,1,-1,0,0,1,0,4,75,0,5,14,0,0,7,5,1,1,1,0,-1,-1,-1,-1,-1,-1,-1,-1,
Nabil El Zhar,3,0,0,0,0,0,0,0,0,0,0,0,0,0,2,0,13,4.33,0,1,-1,0,0,1,0,0,0,0,0,1,0,0,0,7,0,0,1,0,-1,-1,-1,-1,-1,-1,-1,-1,
Danny Guthrie,3,0,0,0,0,0,0,0,0,0,0,0,0,1,1,0,20,6.67,0,2,-1,0,0,1,0,0,0,0,1,0,0,0,0,2,0,0,0,0,-1,-1,-1,-1,-1,-1,-1,-1,
Gregory Halford,3,0,0,0,0,0,-1,-1,-1,-1,-1,0,-1,0,2,0,68,22.67,0,6,-1,0,0,1,0,11,82,0,3,10,0,0,15,5,2,1,1,0,-1,-1,-1,-1,-1,-1,-1,-1,
Paul Ifill,3,0,0,0,0,0,0,0,4,0,0,0,0,0,1,0,36,12,0,7,-1,0,0,1,0,3,67,1,0,2,0,0,10,20,2,2,5,0,-1,-1,-1,-1,-1,-1,-1,-1,
Shaun Newton,3,0,0,0,0,0,0,0,0,0,0,0,0,0,2,0,29,9.67,0,2,-1,0,0,3,0,6,100,0,0,2,0,0,6,5,0,0,1,0,-1,-1,-1,-1,-1,-1,-1,-1,
Andy O'Brien,3,0,0,0,0,0,-1,-1,-1,-1,-1,0,-1,0,2,0,19,6.33,0,0,-1,0,0,1,0,3,100,0,0,3,0,0,5,2,0,0,0,0,-1,-1,-1,-1,-1,-1,-1,-1,
Michael Owen,3,0,0,0,0,0,0,0,5,3,60,0,0,0,2,0,66,22,0,2,-1,0,0,1,5,4,-1,0,0,0,0,-1,-1,-1,-1,-1,-1,-1,-1,-1,-1,-1,-1,-1,-1,-1,
Gabriel Paletta,3,0,0,0,0,0,-1,-1,-1,-1,-1,0,-1,1,2,0,92,30.67,0,1,-1,0,0,2,1,9,67,0,2,20,0,0,13,8,1,2,4,0,-1,-1,-1,-1,-1,-1,-1,-1,
Mike Pollitt,3,0,0,-1,-1,-1,-1,-1,-1,-1,-1,-1,-1,1,1,0,63,21,-1,-1,-1,0,0,0,-1,-1,-1,-1,-1,-1,-1,-1,-1,-1,-1,-1,-1,0,7,0,2,0,5,0,6,23,
Steven Reid,3,0,0,0,0,0,-1,-1,-1,-1,-1,0,-1,0,2,0,112,37.33,0,4,-1,0,0,3,0,11,55,2,4,8,0,0,28,18,2,5,3,0,-1,-1,-1,-1,-1,-1,-1,-1,
Ben Sahar,3,0,0,0,0,0,0,0,3,2,66.67,0,0,1,0,0,8,2.67,0,2,-1,0,0,3,1,1,-1,1,0,0,0,-1,-1,-1,-1,-1,-1,-1,-1,-1,-1,-1,-1,-1,-1,-1,
Sam Sodje,3,0,0,0,0,0,-1,-1,-1,-1,-1,0,-1,0,3,0,45,15,0,0,-1,2,1,9,0,4,100,0,1,8,0,0,8,11,1,3,2,0,-1,-1,-1,-1,-1,-1,-1,-1,
Peter Whittingham,3,0,0,0,0,0,0,0,2,0,0,1,0,2,0,1,86,28.67,0,8,-1,0,0,0,0,2,50,1,0,5,0,0,3,7,0,0,0,0,-1,-1,-1,-1,-1,-1,-1,-1,
Gareth Williams,3,0,0,0,0,0,0,0,1,0,0,0,0,0,2,0,60,20,0,11,-1,0,0,3,0,5,100,1,1,2,0,0,5,5,0,0,1,0,-1,-1,-1,-1,-1,-1,-1,-1,
Moses Ashikodi,2,0,0,0,0,0,0,0,1,1,100,0,0,1,1,0,4,2,0,0,-1,1,0,3,1,3,-1,0,0,1,0,-1,-1,-1,-1,-1,-1,-1,-1,-1,-1,-1,-1,-1,-1,-1,
Ian Bennett,2,0,0,-1,-1,-1,-1,-1,-1,-1,-1,-1,-1,0,2,0,44,22,-1,-1,-1,0,0,0,-1,-1,-1,-1,-1,-1,-1,-1,-1,-1,-1,-1,-1,0,7,0,0,1,2,0,10,20,
David Connolly,2,0,0,0,0,0,0,0,0,0,0,0,0,1,1,0,34,17,0,1,-1,0,0,3,1,1,-1,0,1,1,0,-1,-1,-1,-1,-1,-1,-1,-1,-1,-1,-1,-1,-1,-1,-1,
Jerzy Dudek,2,0,0,-1,-1,-1,-1,-1,-1,-1,-1,-1,-1,1,1,0,55,27.5,-1,-1,-1,0,0,0,-1,-1,-1,-1,-1,-1,-1,-1,-1,-1,-1,-1,-1,0,7,0,1,0,4,0,16,12,
Chris Eagles,2,1,0.5,0,1,0,0,0,1,1,100,0,0,1,0,0,53,26.5,0,5,-1,1,0,2,0,5,80,0,0,1,0,0,15,8,1,0,0,0,-1,-1,-1,-1,-1,-1,-1,-1,
Adam Federici,2,0,0,-1,-1,-1,-1,-1,-1,-1,-1,-1,-1,0,1,0,30,15,-1,-1,-1,0,0,0,-1,-1,-1,-1,-1,-1,-1,-1,-1,-1,-1,-1,-1,0,4,0,0,2,3,0,4,19,
Paul Gerrard,2,0,0,-1,-1,-1,-1,-1,-1,-1,-1,-1,-1,0,1,0,43,21.5,-1,-1,-1,0,0,0,-1,-1,-1,-1,-1,-1,-1,-1,-1,-1,-1,-1,-1,0,5,0,2,1,1,0,3,22,
Kristofer Haestad,2,0,0,0,0,0,0,0,0,0,0,0,0,0,2,0,18,9,0,0,-1,1,0,2,0,4,100,0,1,3,0,0,5,5,0,0,1,0,-1,-1,-1,-1,-1,-1,-1,-1,
Emiliano Insúa,2,0,0,0,0,0,-1,-1,-1,-1,-1,0,-1,0,2,0,91,45.5,0,5,-1,0,0,4,0,5,60,0,2,5,0,0,8,9,2,0,2,0,-1,-1,-1,-1,-1,-1,-1,-1,
Bradley Jones,2,0,0,-1,-1,-1,-1,-1,-1,-1,-1,-1,-1,0,0,0,40,20,-1,-1,-1,0,0,0,-1,-1,-1,-1,-1,-1,-1,-1,-1,-1,-1,-1,-1,0,9,0,5,1,7,0,5,29,
Graham Kavanagh,2,0,0,0,0,0,0,0,1,1,100,0,0,1,1,0,11,5.5,0,0,-1,0,0,1,0,1,100,0,0,1,0,0,1,3,0,0,0,0,-1,-1,-1,-1,-1,-1,-1,-1,
Harry Kewell,2,1,0.5,0,0,1,1,0,3,2,66.67,1,0,0,1,0,22,11,0,4,-1,0,0,1,0,0,0,0,0,0,0,0,3,4,1,1,0,0,-1,-1,-1,-1,-1,-1,-1,-1,
Nuno Morais,2,0,0,0,0,0,0,0,0,0,0,0,0,0,0,0,9,4.5,0,0,-1,0,0,1,0,0,0,0,1,2,0,0,0,1,0,0,0,0,-1,-1,-1,-1,-1,-1,-1,-1,
Alan O'Brien,2,0,0,0,0,0,0,0,1,0,0,1,0,0,0,0,30,15,0,3,-1,1,0,0,0,3,100,0,1,2,0,0,6,5,1,0,0,0,-1,-1,-1,-1,-1,-1,-1,-1,
James Sinclair,2,0,0,0,0,0,0,0,0,0,0,0,0,0,1,0,10,5,0,4,-1,0,0,0,0,4,-1,0,0,0,0,-1,-1,-1,-1,-1,-1,-1,-1,-1,-1,-1,-1,-1,-1,-1,
Scott Sinclair,2,0,0,0,0,0,0,0,1,0,0,0,0,0,0,0,15,7.5,0,0,-1,0,0,0,0,1,100,0,0,1,0,0,4,9,2,0,0,0,-1,-1,-1,-1,-1,-1,-1,-1,
Pavel Srnicek,2,0,0,-1,-1,-1,-1,-1,-1,-1,-1,-1,-1,1,1,0,26,13,-1,-1,-1,0,0,0,-1,-1,-1,-1,-1,-1,-1,-1,-1,-1,-1,-1,-1,0,2,0,2,3,1,0,5,12,
Daniel Sturridge,2,0,0,0,0,0,0,0,0,0,0,0,0,0,2,0,4,2,0,0,-1,0,0,0,0,0,-1,0,0,0,0,-1,-1,-1,-1,-1,-1,-1,-1,-1,-1,-1,-1,-1,-1,-1,
Adel Taarabt,2,0,0,0,0,0,0,0,2,1,50,0,0,1,1,0,13,6.5,0,0,-1,0,0,0,0,0,0,0,0,0,0,0,3,2,1,0,0,0,-1,-1,-1,-1,-1,-1,-1,-1,
Matt Upson,2,0,0,0,0,0,-1,-1,-1,-1,-1,0,-1,0,2,0,13,6.5,0,0,-1,0,0,0,0,0,0,0,0,3,0,0,0,0,0,0,0,0,-1,-1,-1,-1,-1,-1,-1,-1,
David Wheater,2,1,0.5,1,0,0,-1,-1,-1,-1,-1,0,-1,1,1,0,36,18,0,0,-1,0,0,0,0,0,0,0,3,6,0,0,2,2,0,1,2,0,-1,-1,-1,-1,-1,-1,-1,-1,
Manuel Almunia,1,0,0,-1,-1,-1,-1,-1,-1,-1,-1,-1,-1,1,0,0,16,16,-1,-1,-1,0,0,0,-1,-1,-1,-1,-1,-1,-1,-1,-1,-1,-1,-1,-1,0,2,0,0,0,2,0,3,10,
Cedric Avinel,1,0,0,0,0,0,-1,-1,-1,-1,-1,0,-1,1,0,0,9,9,0,1,-1,1,0,4,0,1,100,0,0,4,0,0,2,4,0,0,0,0,-1,-1,-1,-1,-1,-1,-1,-1,
Matthew Bates,1,0,0,0,0,0,-1,-1,-1,-1,-1,0,-1,0,1,0,26,26,0,0,-1,0,0,0,0,4,100,0,0,11,0,0,4,3,0,0,2,0,-1,-1,-1,-1,-1,-1,-1,-1,
Bruno Berner,1,0,0,0,0,0,-1,-1,-1,-1,-1,0,-1,0,1,0,39,39,0,3,-1,0,0,2,0,4,50,0,1,2,0,0,8,9,0,1,2,0,-1,-1,-1,-1,-1,-1,-1,-1,
Matthew Briggs,1,0,0,0,0,0,-1,-1,-1,-1,-1,0,-1,0,1,0,6,6,0,0,-1,0,0,0,0,0,0,0,0,0,0,0,0,0,0,0,0,0,-1,-1,-1,-1,-1,-1,-1,-1,
Jason Brown,1,0,0,-1,-1,-1,-1,-1,-1,-1,-1,-1,-1,1,0,0,11,11,-1,-1,-1,0,0,0,-1,-1,-1,-1,-1,-1,-1,-1,-1,-1,-1,-1,-1,0,4,1,0,0,1,0,1,9,
Alec Chamberlain,1,0,0,-1,-1,-1,-1,-1,-1,-1,-1,-1,-1,0,0,0,0,0,-1,-1,-1,0,0,0,-1,-1,-1,-1,-1,-1,-1,-1,-1,-1,-1,-1,-1,0,0,0,0,0,0,0,0,0,
Eric Djemba Djemba,1,0,0,0,0,0,0,0,0,0,0,0,0,0,0,0,1,1,0,0,-1,0,0,0,0,0,0,0,0,0,0,0,1,0,0,0,0,0,-1,-1,-1,-1,-1,-1,-1,-1,
Dong Fangzhuo,1,0,0,0,0,0,0,0,3,0,0,0,0,0,0,0,15,15,0,0,-1,0,0,1,0,1,-1,0,0,0,0,-1,-1,-1,-1,-1,-1,-1,-1,-1,-1,-1,-1,-1,-1,-1,
Danny Graham,1,0,0,0,0,0,0,0,0,0,0,0,0,0,1,0,1,1,0,1,-1,0,0,0,0,0,-1,0,0,0,0,-1,-1,-1,-1,-1,-1,-1,-1,-1,-1,-1,-1,-1,-1,-1,
Joe Hart,1,0,0,-1,-1,-1,-1,-1,-1,-1,-1,-1,-1,0,0,0,24,24,-1,-1,-1,0,0,0,-1,-1,-1,-1,-1,-1,-1,-1,-1,-1,-1,-1,-1,0,2,0,1,0,2,0,1,7,
Lee Hendrie,1,0,0,0,0,0,0,0,0,0,0,0,0,0,0,0,5,5,0,0,-1,1,0,1,0,0,0,0,0,1,0,0,0,4,0,0,0,0,-1,-1,-1,-1,-1,-1,-1,-1,
Mark Hughes,1,0,0,0,0,0,-1,-1,-1,-1,-1,0,-1,1,0,0,0,0,0,0,-1,0,0,0,0,0,0,0,0,0,0,0,0,0,0,0,0,0,-1,-1,-1,-1,-1,-1,-1,-1,
Sam Hutchinson,1,0,0,0,0,0,0,0,0,0,0,0,0,0,0,0,1,1,0,0,-1,0,0,0,0,0,0,0,0,0,0,0,0,0,0,0,0,0,-1,-1,-1,-1,-1,-1,-1,-1,
Philip Ifil,1,0,0,0,0,0,-1,-1,-1,-1,-1,0,-1,0,0,0,29,29,0,0,-1,0,0,2,0,3,67,0,0,2,0,0,5,3,0,0,0,0,-1,-1,-1,-1,-1,-1,-1,-1,
Albert Jarrett,1,0,0,0,0,0,0,0,0,0,0,0,0,0,1,0,8,8,0,1,-1,0,0,0,0,0,0,0,0,2,0,0,1,3,0,1,0,0,-1,-1,-1,-1,-1,-1,-1,-1,
Jan Kromkamp,1,0,0,0,0,0,-1,-1,-1,-1,-1,0,-1,0,0,0,28,28,0,1,-1,1,0,3,0,3,67,0,0,3,0,0,6,4,0,1,0,0,-1,-1,-1,-1,-1,-1,-1,-1,
Shefki Kuqi,1,0,0,0,0,0,0,0,0,0,0,0,0,0,1,0,2,2,0,0,-1,0,0,0,0,0,-1,0,0,0,0,-1,-1,-1,-1,-1,-1,-1,-1,-1,-1,-1,-1,-1,-1,-1,
Kieran Lee,1,0,0,0,0,0,0,0,0,0,0,0,0,0,0,0,28,28,0,0,-1,1,0,2,0,4,25,0,0,2,0,0,5,8,0,0,0,0,-1,-1,-1,-1,-1,-1,-1,-1,
César,1,0,0,0,0,0,-1,-1,-1,-1,-1,0,-1,0,0,0,0,0,0,0,-1,0,0,0,0,0,0,0,0,0,0,0,0,0,0,0,0,0,-1,-1,-1,-1,-1,-1,-1,-1,
Matt Mills,1,0,0,0,0,0,-1,-1,-1,-1,-1,0,-1,0,1,0,24,24,0,0,-1,0,0,1,0,2,0,0,0,1,0,0,5,5,0,3,2,0,-1,-1,-1,-1,-1,-1,-1,-1,
Danny Mills,1,0,0,0,0,0,-1,-1,-1,-1,-1,0,-1,1,0,0,6,6,0,0,-1,0,0,0,0,1,100,0,0,0,0,0,1,0,0,0,0,0,-1,-1,-1,-1,-1,-1,-1,-1,
Thomas Myhre,1,0,0,-1,-1,-1,-1,-1,-1,-1,-1,-1,-1,0,1,0,21,21,-1,-1,-1,0,0,0,-1,-1,-1,-1,-1,-1,-1,-1,-1,-1,-1,-1,-1,0,4,0,0,0,2,0,8,13,
Daniele Padelli,1,0,0,-1,-1,-1,-1,-1,-1,-1,-1,-1,-1,0,0,0,19,19,-1,-1,-1,0,0,0,-1,-1,-1,-1,-1,-1,-1,-1,-1,-1,-1,-1,-1,0,1,0,0,0,0,0,5,11,
Mart Poom,1,0,0,-1,-1,-1,-1,-1,-1,-1,-1,-1,-1,0,0,0,12,12,-1,-1,-1,0,0,0,-1,-1,-1,-1,-1,-1,-1,-1,-1,-1,-1,-1,-1,0,4,0,0,0,0,0,12,17,
Omar Pouso,1,0,0,0,0,0,0,0,1,0,0,0,0,0,1,0,38,38,0,0,-1,0,0,1,0,4,75,0,0,3,0,0,9,6,0,3,0,0,-1,-1,-1,-1,-1,-1,-1,-1,
Darren Randolph,1,0,0,-1,-1,-1,-1,-1,-1,-1,-1,-1,-1,0,0,0,14,14,-1,-1,-1,0,0,0,-1,-1,-1,-1,-1,-1,-1,-1,-1,-1,-1,-1,-1,0,3,0,0,0,0,0,1,18,
Theo Robinson,1,0,0,0,0,0,0,0,0,0,0,0,0,0,0,0,0,0,0,0,-1,0,0,0,0,0,-1,0,0,0,0,-1,-1,-1,-1,-1,-1,-1,-1,-1,-1,-1,-1,-1,-1,-1,
Björn Runström,1,0,0,0,0,0,0,0,0,0,0,0,0,0,0,0,4,4,0,0,-1,0,0,1,0,0,-1,0,0,0,0,-1,-1,-1,-1,-1,-1,-1,-1,-1,-1,-1,-1,-1,-1,-1,
Anderson Silva,1,0,0,0,0,0,0,0,0,0,0,0,0,1,0,0,4,4,0,0,-1,0,0,1,0,1,100,0,0,0,0,0,1,1,0,0,0,0,-1,-1,-1,-1,-1,-1,-1,-1,
Johann Smith,1,0,0,0,0,0,0,0,0,0,0,0,0,0,1,0,0,0,0,0,-1,0,0,1,0,0,-1,0,0,0,0,-1,-1,-1,-1,-1,-1,-1,-1,-1,-1,-1,-1,-1,-1,-1,
Gonzalo Sorondo,1,0,0,0,0,0,-1,-1,-1,-1,-1,0,-1,0,1,0,10,10,0,0,-1,0,0,0,0,7,71,0,1,9,0,0,11,2,0,2,1,0,-1,-1,-1,-1,-1,-1,-1,-1,
Iain Turner,1,0,0,-1,-1,-1,-1,-1,-1,-1,-1,-1,-1,0,1,0,25,25,-1,-1,-1,0,0,0,-1,-1,-1,-1,-1,-1,-1,-1,-1,-1,-1,-1,-1,0,7,0,1,0,3,0,3,12,
Richard Wright,1,0,0,-1,-1,-1,-1,-1,-1,-1,-1,-1,-1,0,1,0,18,18,-1,-1,-1,0,0,0,-1,-1,-1,-1,-1,-1,-1,-1,-1,-1,-1,-1,-1,0,1,0,0,3,0,0,1,14,
Alan Wright,1,0,0,0,0,0,-1,-1,-1,-1,-1,0,-1,0,1,0,42,42,0,0,-1,0,0,2,0,1,0,0,0,2,0,0,2,4,0,0,0,0,-1,-1,-1,-1,-1,-1,-1,-1,
Reto Ziegler,1,0,0,0,0,0,-1,-1,-1,-1,-1,0,-1,0,1,0,9,9,0,1,-1,0,0,1,0,0,0,0,0,0,0,0,0,4,0,0,0,0,-1,-1,-1,-1,-1,-1,-1,-1,
